USE TradesDB;

insert into trader (ID, first_name, last_name) values (1, 'Toby', 'Dussek');
insert into trader (ID, first_name, last_name) values (2, 'Steve', 'Schilling');
insert into trader (ID, first_name, last_name) values (3, 'Augie', 'Schau');

insert into trade (ID, instant, stock, size, buy, price) values (1, '2019-07-02 09:30:16.360', 'AAPL', 10000, 0, 106.4763);
insert into trade (ID, instant, stock, size, buy, price) values (2, '2019-07-02 09:35:00.500', 'HON', 10000, 0, 149.2982);
insert into trade (ID, instant, stock, size, buy, price) values (3, '2019-07-02 09:39:59.580', 'AAPL', 10000, 1, 109.3715);
insert into trade (ID, instant, stock, size, buy, price) values (4, '2019-07-02 09:44:59.680', 'HON', 10000, 1, 145.8697);
insert into trade (ID, instant, stock, size, buy, price) values (5, '2019-07-02 09:45:00.600', 'HON', 10000, 0, 145.8697);
insert into trade (ID, instant, stock, size, buy, price) values (10, '2019-07-02 09:49:59.200', 'BOM', 3200, 1, 63.1020);
insert into trade (ID, instant, stock, size, buy, price) values (7, '2019-07-02 09:49:59.200', 'BOM', 800, 1, 63.1020);
insert into trade (ID, instant, stock, size, buy, price) values (6, '2019-07-02 09:49:59.620', 'AAPL', 10000, 0, 108.3497);
insert into trade (ID, instant, stock, size, buy, price) values (9, '2019-07-02 09:54:59.180', 'BOM', 800, 0, 64.4628);
insert into trade (ID, instant, stock, size, buy, price) values (8, '2019-07-02 09:54:59.640', 'AAPL', 10000, 1, 111.2255);
insert into trade (ID, instant, stock, size, buy, price) values (18, '2019-07-02 09:59:59.400', 'AAPL', 8000, 0, 109.0631);
insert into trade (ID, instant, stock, size, buy, price) values (13, '2019-07-02 09:59:59.400', 'AAPL', 2000, 0, 109.0631);
insert into trade (ID, instant, stock, size, buy, price) values (12, '2019-07-02 09:59:59.480', 'HON', 10000, 1, 145.8580);
insert into trade (ID, instant, stock, size, buy, price) values (11, '2019-07-02 09:59:59.780', 'MRK', 6000, 1, 59.0184);
insert into trade (ID, instant, stock, size, buy, price) values (16, '2019-07-02 10:04:59.500', 'AA', 10000, 0, 50.7389);
insert into trade (ID, instant, stock, size, buy, price) values (15, '2019-07-02 10:04:59.920', 'BOM', 3200, 0, 65.0210);
insert into trade (ID, instant, stock, size, buy, price) values (14, '2019-07-02 10:05:00.240', 'AAPL', 10000, 0, 108.5361);
insert into trade (ID, instant, stock, size, buy, price) values (22, '2019-07-02 10:09:59.720', 'AAPL', 10000, 1, 104.1862);
insert into trade (ID, instant, stock, size, buy, price) values (17, '2019-07-02 10:09:59.720', 'AAPL', 2000, 1, 104.1862);
insert into trade (ID, instant, stock, size, buy, price) values (21, '2019-07-02 10:10:00.040', 'HON', 10000, 0, 141.7146);
insert into trade (ID, instant, stock, size, buy, price) values (23, '2019-07-02 10:10:00.360', 'HON', 10000, 1, 141.7146);
insert into trade (ID, instant, stock, size, buy, price) values (19, '2019-07-02 10:10:00.660', 'MRK', 6000, 0, 60.3826);
insert into trade (ID, instant, stock, size, buy, price) values (34, '2019-07-02 10:10:00.980', 'MRK', 640, 1, 60.3826);
insert into trade (ID, instant, stock, size, buy, price) values (30, '2019-07-02 10:10:00.980', 'MRK', 960, 1, 60.3826);
insert into trade (ID, instant, stock, size, buy, price) values (20, '2019-07-02 10:10:00.980', 'MRK', 2400, 1, 60.3826);
insert into trade (ID, instant, stock, size, buy, price) values (24, '2019-07-02 10:14:58.780', 'AA', 10000, 0, 50.2005);
insert into trade (ID, instant, stock, size, buy, price) values (44, '2019-07-02 10:14:59.100', 'BOM', 4800, 0, 61.7014);
insert into trade (ID, instant, stock, size, buy, price) values (39, '2019-07-02 10:14:59.100', 'BOM', 3200, 0, 61.7014);
insert into trade (ID, instant, stock, size, buy, price) values (27, '2019-07-02 10:14:59.100', 'AAPL', 8000, 1, 102.3399);
insert into trade (ID, instant, stock, size, buy, price) values (25, '2019-07-02 10:14:59.100', 'BOM', 2000, 0, 61.7014);
insert into trade (ID, instant, stock, size, buy, price) values (26, '2019-07-02 10:14:59.420', 'HON', 2000, 1, 143.5782);
insert into trade (ID, instant, stock, size, buy, price) values (31, '2019-07-02 10:19:58.960', 'AA', 10000, 1, 49.5201);
insert into trade (ID, instant, stock, size, buy, price) values (28, '2019-07-02 10:19:59.020', 'BOM', 10000, 1, 62.1305);
insert into trade (ID, instant, stock, size, buy, price) values (29, '2019-07-02 10:20:00.280', 'MRK', 2400, 0, 62.5900);
insert into trade (ID, instant, stock, size, buy, price) values (35, '2019-07-02 10:24:58.700', 'AA', 10000, 1, 48.7627);
insert into trade (ID, instant, stock, size, buy, price) values (33, '2019-07-02 10:24:59.380', 'MRK', 960, 0, 63.7505);
insert into trade (ID, instant, stock, size, buy, price) values (32, '2019-07-02 10:24:59.380', 'HON', 2000, 0, 139.7062);
insert into trade (ID, instant, stock, size, buy, price) values (37, '2019-07-02 10:29:59.160', 'BOM', 10000, 0, 60.4321);
insert into trade (ID, instant, stock, size, buy, price) values (38, '2019-07-02 10:29:59.200', 'BOM', 2000, 1, 60.4321);
insert into trade (ID, instant, stock, size, buy, price) values (36, '2019-07-02 10:29:59.520', 'AAPL', 10000, 1, 108.6406);
insert into trade (ID, instant, stock, size, buy, price) values (40, '2019-07-02 10:29:59.840', 'MRK', 640, 0, 64.7974);
insert into trade (ID, instant, stock, size, buy, price) values (43, '2019-07-02 10:34:59.420', 'BOM', 3200, 1, 60.1946);
insert into trade (ID, instant, stock, size, buy, price) values (48, '2019-07-02 10:34:59.820', 'AAPL', 4000, 1, 102.1408);
insert into trade (ID, instant, stock, size, buy, price) values (45, '2019-07-02 10:34:59.820', 'AAPL', 6000, 1, 102.1408);
insert into trade (ID, instant, stock, size, buy, price) values (41, '2019-07-02 10:34:59.820', 'AAPL', 10000, 0, 102.1408);
insert into trade (ID, instant, stock, size, buy, price) values (52, '2019-07-02 10:35:00.140', 'HON', 6000, 1, 141.9266);
insert into trade (ID, instant, stock, size, buy, price) values (42, '2019-07-02 10:35:00.140', 'HON', 4000, 1, 141.9266);
insert into trade (ID, instant, stock, size, buy, price) values (50, '2019-07-02 10:39:58.900', 'BOM', 4800, 1, 59.1020);
insert into trade (ID, instant, stock, size, buy, price) values (49, '2019-07-02 10:39:59.320', 'AAPL', 10000, 0, 98.0232);
insert into trade (ID, instant, stock, size, buy, price) values (47, '2019-07-02 10:39:59.320', 'AAPL', 6000, 0, 98.0232);
insert into trade (ID, instant, stock, size, buy, price) values (46, '2019-07-02 10:39:59.640', 'HON', 10000, 1, 144.9285);
insert into trade (ID, instant, stock, size, buy, price) values (54, '2019-07-02 10:44:59.200', 'AAPL', 10000, 1, 98.8256);
insert into trade (ID, instant, stock, size, buy, price) values (53, '2019-07-02 10:44:59.300', 'AAPL', 4000, 0, 98.8256);
insert into trade (ID, instant, stock, size, buy, price) values (51, '2019-07-02 10:44:59.300', 'HON', 4000, 0, 145.1347);
insert into trade (ID, instant, stock, size, buy, price) values (62, '2019-07-02 10:49:59.200', 'BOM', 8000, 1, 58.7849);
insert into trade (ID, instant, stock, size, buy, price) values (56, '2019-07-02 10:49:59.200', 'BOM', 2000, 1, 58.7849);
insert into trade (ID, instant, stock, size, buy, price) values (59, '2019-07-02 10:49:59.700', 'AAPL', 10000, 0, 96.2425);
insert into trade (ID, instant, stock, size, buy, price) values (57, '2019-07-02 10:50:00.000', 'HON', 6000, 0, 150.9568);
insert into trade (ID, instant, stock, size, buy, price) values (58, '2019-07-02 10:50:00.320', 'MRK', 4000, 0, 66.1616);
insert into trade (ID, instant, stock, size, buy, price) values (55, '2019-07-02 10:50:00.320', 'HON', 10000, 0, 150.9568);
insert into trade (ID, instant, stock, size, buy, price) values (60, '2019-07-02 10:54:58.500', 'AA', 10000, 1, 46.2514);
insert into trade (ID, instant, stock, size, buy, price) values (75, '2019-07-02 10:54:58.600', 'BOM', 2000, 1, 60.5688);
insert into trade (ID, instant, stock, size, buy, price) values (66, '2019-07-02 10:54:58.600', 'BOM', 8000, 1, 60.5688);
insert into trade (ID, instant, stock, size, buy, price) values (61, '2019-07-02 10:54:58.600', 'BOM', 2000, 0, 60.5688);
insert into trade (ID, instant, stock, size, buy, price) values (67, '2019-07-02 10:54:58.920', 'AAPL', 10000, 1, 106.3966);
insert into trade (ID, instant, stock, size, buy, price) values (63, '2019-07-02 10:54:58.920', 'BOM', 10000, 1, 60.5688);
insert into trade (ID, instant, stock, size, buy, price) values (64, '2019-07-02 10:54:59.240', 'AAPL', 10000, 1, 106.3966);
insert into trade (ID, instant, stock, size, buy, price) values (85, '2019-07-02 10:54:59.540', 'MRK', 6000, 0, 65.6282);
insert into trade (ID, instant, stock, size, buy, price) values (65, '2019-07-02 10:54:59.540', 'MRK', 4000, 0, 65.6282);
insert into trade (ID, instant, stock, size, buy, price) values (70, '2019-07-02 10:59:58.900', 'AA', 10000, 1, 46.9903);
insert into trade (ID, instant, stock, size, buy, price) values (74, '2019-07-02 10:59:59.320', 'BOM', 8000, 0, 57.9227);
insert into trade (ID, instant, stock, size, buy, price) values (68, '2019-07-02 10:59:59.320', 'BOM', 10000, 0, 57.9227);
insert into trade (ID, instant, stock, size, buy, price) values (82, '2019-07-02 10:59:59.940', 'HON', 8000, 1, 149.1681);
insert into trade (ID, instant, stock, size, buy, price) values (71, '2019-07-02 10:59:59.940', 'HON', 2000, 1, 149.1681);
insert into trade (ID, instant, stock, size, buy, price) values (69, '2019-07-02 10:59:59.940', 'AAPL', 2000, 1, 107.1809);
insert into trade (ID, instant, stock, size, buy, price) values (72, '2019-07-02 11:00:00.260', 'MRK', 4000, 1, 64.7974);
insert into trade (ID, instant, stock, size, buy, price) values (73, '2019-07-02 11:00:00.560', 'MRK', 10000, 0, 64.7974);
insert into trade (ID, instant, stock, size, buy, price) values (76, '2019-07-02 11:04:58.760', 'BOM', 10000, 0, 59.7164);
insert into trade (ID, instant, stock, size, buy, price) values (78, '2019-07-02 11:04:58.840', 'AAPL', 10000, 0, 102.4362);
insert into trade (ID, instant, stock, size, buy, price) values (77, '2019-07-02 11:04:58.840', 'AAPL', 2000, 0, 102.4362);
insert into trade (ID, instant, stock, size, buy, price) values (79, '2019-07-02 11:04:59.160', 'HON', 8000, 0, 147.6373);
insert into trade (ID, instant, stock, size, buy, price) values (80, '2019-07-02 11:09:58.580', 'AA', 10000, 0, 47.5841);
insert into trade (ID, instant, stock, size, buy, price) values (86, '2019-07-02 11:09:58.680', 'AA', 4000, 1, 47.5841);
insert into trade (ID, instant, stock, size, buy, price) values (88, '2019-07-02 11:09:59.000', 'BOM', 8000, 0, 60.8249);
insert into trade (ID, instant, stock, size, buy, price) values (87, '2019-07-02 11:09:59.320', 'AAPL', 4000, 1, 110.6403);
insert into trade (ID, instant, stock, size, buy, price) values (117, '2019-07-02 11:09:59.620', 'HON', 8000, 0, 143.9204);
insert into trade (ID, instant, stock, size, buy, price) values (89, '2019-07-02 11:09:59.620', 'HON', 2000, 0, 143.9204);
insert into trade (ID, instant, stock, size, buy, price) values (81, '2019-07-02 11:09:59.620', 'HON', 2000, 0, 143.9204);
insert into trade (ID, instant, stock, size, buy, price) values (83, '2019-07-02 11:09:59.940', 'HON', 8000, 1, 143.9204);
insert into trade (ID, instant, stock, size, buy, price) values (90, '2019-07-02 11:10:00.260', 'MRK', 10000, 1, 62.5900);
insert into trade (ID, instant, stock, size, buy, price) values (84, '2019-07-02 11:10:00.260', 'MRK', 4000, 1, 62.5900);
insert into trade (ID, instant, stock, size, buy, price) values (94, '2019-07-02 11:14:58.440', 'AA', 10000, 0, 48.2460);
insert into trade (ID, instant, stock, size, buy, price) values (91, '2019-07-02 11:14:58.560', 'BOM', 10000, 1, 61.3774);
insert into trade (ID, instant, stock, size, buy, price) values (95, '2019-07-02 11:14:58.860', 'AAPL', 4000, 0, 113.6331);
insert into trade (ID, instant, stock, size, buy, price) values (96, '2019-07-02 11:14:59.180', 'AAPL', 10000, 1, 113.6331);
insert into trade (ID, instant, stock, size, buy, price) values (93, '2019-07-02 11:14:59.180', 'HON', 8000, 0, 146.1685);
insert into trade (ID, instant, stock, size, buy, price) values (92, '2019-07-02 11:14:59.480', 'MRK', 6000, 1, 61.4295);
insert into trade (ID, instant, stock, size, buy, price) values (97, '2019-07-02 11:19:58.900', 'AA', 4000, 0, 49.4885);
insert into trade (ID, instant, stock, size, buy, price) values (108, '2019-07-02 11:19:59.760', 'AAPL', 800, 0, 108.9876);
insert into trade (ID, instant, stock, size, buy, price) values (106, '2019-07-02 11:19:59.760', 'AAPL', 1200, 0, 108.9876);
insert into trade (ID, instant, stock, size, buy, price) values (100, '2019-07-02 11:19:59.760', 'AAPL', 8000, 0, 108.9876);
insert into trade (ID, instant, stock, size, buy, price) values (99, '2019-07-02 11:19:59.760', 'AAPL', 10000, 0, 108.9876);
insert into trade (ID, instant, stock, size, buy, price) values (113, '2019-07-02 11:20:00.380', 'HON', 1200, 0, 145.5020);
insert into trade (ID, instant, stock, size, buy, price) values (101, '2019-07-02 11:20:00.380', 'HON', 800, 0, 145.5020);
insert into trade (ID, instant, stock, size, buy, price) values (98, '2019-07-02 11:20:00.380', 'HON', 10000, 1, 145.5020);
insert into trade (ID, instant, stock, size, buy, price) values (103, '2019-07-02 11:24:58.860', 'BOM', 10000, 0, 61.3302);
insert into trade (ID, instant, stock, size, buy, price) values (105, '2019-07-02 11:24:59.240', 'AAPL', 8000, 1, 103.6373);
insert into trade (ID, instant, stock, size, buy, price) values (104, '2019-07-02 11:24:59.240', 'AAPL', 2000, 0, 103.6373);
insert into trade (ID, instant, stock, size, buy, price) values (174, '2019-07-02 11:24:59.540', 'AAPL', 1600, 0, 103.6373);
insert into trade (ID, instant, stock, size, buy, price) values (164, '2019-07-02 11:24:59.540', 'AAPL', 6400, 0, 103.6373);
insert into trade (ID, instant, stock, size, buy, price) values (102, '2019-07-02 11:24:59.540', 'AAPL', 2000, 0, 103.6373);
insert into trade (ID, instant, stock, size, buy, price) values (109, '2019-07-02 11:29:58.460', 'BOM', 10000, 1, 59.9178);
insert into trade (ID, instant, stock, size, buy, price) values (110, '2019-07-02 11:29:59.520', 'BOM', 4000, 0, 59.9178);
insert into trade (ID, instant, stock, size, buy, price) values (107, '2019-07-02 11:29:59.820', 'AAPL', 1200, 1, 104.9475);
insert into trade (ID, instant, stock, size, buy, price) values (115, '2019-07-02 11:34:58.860', 'BOM', 4000, 1, 60.9047);
insert into trade (ID, instant, stock, size, buy, price) values (114, '2019-07-02 11:34:59.040', 'AAPL', 800, 1, 103.1755);
insert into trade (ID, instant, stock, size, buy, price) values (112, '2019-07-02 11:34:59.660', 'HON', 800, 1, 141.8265);
insert into trade (ID, instant, stock, size, buy, price) values (111, '2019-07-02 11:34:59.660', 'HON', 10000, 0, 141.8265);
insert into trade (ID, instant, stock, size, buy, price) values (118, '2019-07-02 11:39:58.900', 'AA', 10000, 0, 50.0182);
insert into trade (ID, instant, stock, size, buy, price) values (155, '2019-07-02 11:39:59.760', 'HON', 2000, 1, 148.3349);
insert into trade (ID, instant, stock, size, buy, price) values (119, '2019-07-02 11:39:59.760', 'HON', 8000, 1, 148.3349);
insert into trade (ID, instant, stock, size, buy, price) values (116, '2019-07-02 11:39:59.760', 'HON', 2000, 1, 148.3349);
insert into trade (ID, instant, stock, size, buy, price) values (120, '2019-07-02 11:40:00.080', 'MRK', 10000, 1, 59.0184);
insert into trade (ID, instant, stock, size, buy, price) values (123, '2019-07-02 11:44:58.920', 'BOM', 4000, 0, 59.6680);
insert into trade (ID, instant, stock, size, buy, price) values (125, '2019-07-02 11:44:59.020', 'AAPL', 10000, 1, 106.1798);
insert into trade (ID, instant, stock, size, buy, price) values (121, '2019-07-02 11:44:59.320', 'AAPL', 2000, 1, 106.1798);
insert into trade (ID, instant, stock, size, buy, price) values (122, '2019-07-02 11:44:59.640', 'HON', 8000, 1, 147.4442);
insert into trade (ID, instant, stock, size, buy, price) values (153, '2019-07-02 11:44:59.940', 'MRK', 260, 1, 59.5518);
insert into trade (ID, instant, stock, size, buy, price) values (140, '2019-07-02 11:44:59.940', 'MRK', 1020, 1, 59.5518);
insert into trade (ID, instant, stock, size, buy, price) values (138, '2019-07-02 11:44:59.940', 'MRK', 5120, 1, 59.5518);
insert into trade (ID, instant, stock, size, buy, price) values (124, '2019-07-02 11:44:59.940', 'MRK', 1600, 1, 59.5518);
insert into trade (ID, instant, stock, size, buy, price) values (144, '2019-07-02 11:49:58.900', 'AA', 2000, 0, 49.5943);
insert into trade (ID, instant, stock, size, buy, price) values (130, '2019-07-02 11:49:58.900', 'AA', 8000, 0, 49.5943);
insert into trade (ID, instant, stock, size, buy, price) values (160, '2019-07-02 11:49:58.980', 'BOM', 390, 1, 60.2461);
insert into trade (ID, instant, stock, size, buy, price) values (151, '2019-07-02 11:49:58.980', 'BOM', 1530, 1, 60.2461);
insert into trade (ID, instant, stock, size, buy, price) values (142, '2019-07-02 11:49:58.980', 'BOM', 1280, 1, 60.2461);
insert into trade (ID, instant, stock, size, buy, price) values (126, '2019-07-02 11:49:58.980', 'BOM', 4800, 1, 60.2461);
insert into trade (ID, instant, stock, size, buy, price) values (131, '2019-07-02 11:49:59.600', 'AAPL', 10000, 0, 101.5878);
insert into trade (ID, instant, stock, size, buy, price) values (129, '2019-07-02 11:49:59.600', 'HON', 1200, 1, 149.9790);
insert into trade (ID, instant, stock, size, buy, price) values (128, '2019-07-02 11:49:59.600', 'AAPL', 10000, 1, 101.5878);
insert into trade (ID, instant, stock, size, buy, price) values (127, '2019-07-02 11:49:59.920', 'MRK', 10000, 0, 60.3826);
insert into trade (ID, instant, stock, size, buy, price) values (132, '2019-07-02 11:50:00.240', 'MRK', 8000, 1, 60.3826);
insert into trade (ID, instant, stock, size, buy, price) values (134, '2019-07-02 11:54:58.660', 'AA', 10000, 1, 48.9816);
insert into trade (ID, instant, stock, size, buy, price) values (133, '2019-07-02 11:54:58.840', 'AA', 10000, 0, 48.9816);
insert into trade (ID, instant, stock, size, buy, price) values (135, '2019-07-02 11:54:59.140', 'AAPL', 10000, 1, 101.9721);
insert into trade (ID, instant, stock, size, buy, price) values (157, '2019-07-02 11:54:59.460', 'HON', 2400, 0, 149.1623);
insert into trade (ID, instant, stock, size, buy, price) values (137, '2019-07-02 11:54:59.460', 'MRK', 1600, 0, 61.4295);
insert into trade (ID, instant, stock, size, buy, price) values (136, '2019-07-02 11:54:59.460', 'HON', 3600, 0, 149.1623);
insert into trade (ID, instant, stock, size, buy, price) values (148, '2019-07-02 11:59:58.920', 'AA', 10000, 1, 47.4100);
insert into trade (ID, instant, stock, size, buy, price) values (143, '2019-07-02 11:59:59.000', 'AA', 8000, 1, 47.4100);
insert into trade (ID, instant, stock, size, buy, price) values (141, '2019-07-02 11:59:59.300', 'BOM', 4800, 0, 57.1278);
insert into trade (ID, instant, stock, size, buy, price) values (147, '2019-07-02 11:59:59.940', 'BOM', 2000, 0, 57.1278);
insert into trade (ID, instant, stock, size, buy, price) values (146, '2019-07-02 11:59:59.940', 'BOM', 4000, 1, 57.1278);
insert into trade (ID, instant, stock, size, buy, price) values (145, '2019-07-02 12:00:00.240', 'MRK', 8000, 0, 62.5900);
insert into trade (ID, instant, stock, size, buy, price) values (139, '2019-07-02 12:00:00.240', 'MRK', 5120, 0, 62.5900);
insert into trade (ID, instant, stock, size, buy, price) values (149, '2019-07-02 12:04:58.900', 'AA', 2000, 1, 46.5882);
insert into trade (ID, instant, stock, size, buy, price) values (150, '2019-07-02 12:04:59.340', 'BOM', 1280, 0, 57.0213);
insert into trade (ID, instant, stock, size, buy, price) values (158, '2019-07-02 12:04:59.960', 'HON', 6000, 0, 140.7287);
insert into trade (ID, instant, stock, size, buy, price) values (156, '2019-07-02 12:04:59.960', 'HON', 3600, 1, 140.7287);
insert into trade (ID, instant, stock, size, buy, price) values (154, '2019-07-02 12:04:59.960', 'HON', 8000, 0, 140.7287);
insert into trade (ID, instant, stock, size, buy, price) values (152, '2019-07-02 12:05:00.260', 'MRK', 1020, 0, 63.7505);
insert into trade (ID, instant, stock, size, buy, price) values (159, '2019-07-02 12:09:59.100', 'BOM', 1530, 0, 56.3356);
insert into trade (ID, instant, stock, size, buy, price) values (167, '2019-07-02 12:09:59.560', 'AAPL', 10000, 0, 110.7200);
insert into trade (ID, instant, stock, size, buy, price) values (165, '2019-07-02 12:09:59.560', 'AAPL', 10000, 0, 110.7200);
insert into trade (ID, instant, stock, size, buy, price) values (163, '2019-07-02 12:09:59.560', 'AAPL', 2000, 1, 110.7200);
insert into trade (ID, instant, stock, size, buy, price) values (161, '2019-07-02 12:09:59.880', 'HON', 2400, 1, 140.6101);
insert into trade (ID, instant, stock, size, buy, price) values (166, '2019-07-02 12:10:00.180', 'MRK', 260, 0, 64.7974);
insert into trade (ID, instant, stock, size, buy, price) values (162, '2019-07-02 12:10:00.180', 'HON', 2000, 0, 140.6101);
insert into trade (ID, instant, stock, size, buy, price) values (169, '2019-07-02 12:14:58.780', 'AAPL', 10000, 0, 105.6970);
insert into trade (ID, instant, stock, size, buy, price) values (168, '2019-07-02 12:14:59.100', 'HON', 10000, 1, 142.1933);
insert into trade (ID, instant, stock, size, buy, price) values (171, '2019-07-02 12:19:58.620', 'BOM', 390, 0, 51.9421);
insert into trade (ID, instant, stock, size, buy, price) values (181, '2019-07-02 12:19:58.680', 'AAPL', 2000, 0, 97.7304);
insert into trade (ID, instant, stock, size, buy, price) values (175, '2019-07-02 12:19:58.680', 'AAPL', 8000, 0, 97.7304);
insert into trade (ID, instant, stock, size, buy, price) values (173, '2019-07-02 12:19:58.680', 'AAPL', 6400, 1, 97.7304);
insert into trade (ID, instant, stock, size, buy, price) values (170, '2019-07-02 12:19:58.680', 'AAPL', 10000, 1, 97.7304);
insert into trade (ID, instant, stock, size, buy, price) values (176, '2019-07-02 12:19:59.000', 'HON', 6000, 1, 144.5567);
insert into trade (ID, instant, stock, size, buy, price) values (172, '2019-07-02 12:19:59.000', 'HON', 10000, 1, 144.5567);
insert into trade (ID, instant, stock, size, buy, price) values (197, '2019-07-02 12:24:58.680', 'BOM', 2000, 1, 52.7732);
insert into trade (ID, instant, stock, size, buy, price) values (177, '2019-07-02 12:24:58.680', 'BOM', 8000, 1, 52.7732);
insert into trade (ID, instant, stock, size, buy, price) values (180, '2019-07-02 12:24:58.780', 'AAPL', 8000, 1, 104.0889);
insert into trade (ID, instant, stock, size, buy, price) values (178, '2019-07-02 12:24:58.780', 'AAPL', 10000, 1, 104.0889);
insert into trade (ID, instant, stock, size, buy, price) values (179, '2019-07-02 12:24:59.080', 'HON', 10000, 1, 142.1766);
insert into trade (ID, instant, stock, size, buy, price) values (183, '2019-07-02 12:29:58.800', 'AAPL', 10000, 0, 101.9159);
insert into trade (ID, instant, stock, size, buy, price) values (184, '2019-07-02 12:29:58.900', 'AAPL', 2000, 1, 101.9159);
insert into trade (ID, instant, stock, size, buy, price) values (208, '2019-07-02 12:29:59.200', 'MRK', 1920, 0, 66.1616);
insert into trade (ID, instant, stock, size, buy, price) values (191, '2019-07-02 12:29:59.200', 'MRK', 2880, 0, 66.1616);
insert into trade (ID, instant, stock, size, buy, price) values (182, '2019-07-02 12:29:59.200', 'MRK', 1200, 0, 66.1616);
insert into trade (ID, instant, stock, size, buy, price) values (187, '2019-07-02 12:34:58.460', 'AA', 6000, 1, 44.6319);
insert into trade (ID, instant, stock, size, buy, price) values (195, '2019-07-02 12:34:58.680', 'BOM', 6000, 1, 53.0582);
insert into trade (ID, instant, stock, size, buy, price) values (188, '2019-07-02 12:34:58.680', 'BOM', 4000, 1, 53.0582);
insert into trade (ID, instant, stock, size, buy, price) values (185, '2019-07-02 12:34:59.000', 'AAPL', 1600, 1, 101.0120);
insert into trade (ID, instant, stock, size, buy, price) values (211, '2019-07-02 12:34:59.620', 'MRK', 4000, 0, 65.6282);
insert into trade (ID, instant, stock, size, buy, price) values (186, '2019-07-02 12:34:59.620', 'MRK', 6000, 0, 65.6282);
insert into trade (ID, instant, stock, size, buy, price) values (198, '2019-07-02 12:39:58.640', 'AA', 2000, 1, 44.8866);
insert into trade (ID, instant, stock, size, buy, price) values (206, '2019-07-02 12:39:58.740', 'BOM', 8000, 1, 54.7650);
insert into trade (ID, instant, stock, size, buy, price) values (196, '2019-07-02 12:39:58.740', 'BOM', 8000, 0, 54.7650);
insert into trade (ID, instant, stock, size, buy, price) values (193, '2019-07-02 12:39:58.740', 'BOM', 2000, 1, 54.7650);
insert into trade (ID, instant, stock, size, buy, price) values (194, '2019-07-02 12:39:59.060', 'BOM', 4000, 0, 54.7650);
insert into trade (ID, instant, stock, size, buy, price) values (192, '2019-07-02 12:39:59.060', 'AAPL', 10000, 1, 107.9848);
insert into trade (ID, instant, stock, size, buy, price) values (189, '2019-07-02 12:39:59.380', 'AAPL', 6000, 1, 107.9848);
insert into trade (ID, instant, stock, size, buy, price) values (200, '2019-07-02 12:40:00.000', 'HON', 10000, 0, 147.6315);
insert into trade (ID, instant, stock, size, buy, price) values (199, '2019-07-02 12:40:00.000', 'HON', 10000, 0, 147.6315);
insert into trade (ID, instant, stock, size, buy, price) values (190, '2019-07-02 12:40:00.000', 'MRK', 1200, 1, 64.7974);
insert into trade (ID, instant, stock, size, buy, price) values (201, '2019-07-02 12:40:00.320', 'MRK', 6000, 0, 64.7974);
insert into trade (ID, instant, stock, size, buy, price) values (227, '2019-07-02 12:44:58.660', 'AA', 6000, 1, 45.3315);
insert into trade (ID, instant, stock, size, buy, price) values (203, '2019-07-02 12:44:58.660', 'AA', 4000, 1, 45.3315);
insert into trade (ID, instant, stock, size, buy, price) values (209, '2019-07-02 12:44:58.920', 'BOM', 2000, 0, 55.9689);
insert into trade (ID, instant, stock, size, buy, price) values (205, '2019-07-02 12:44:58.920', 'BOM', 2000, 0, 55.9689);
insert into trade (ID, instant, stock, size, buy, price) values (204, '2019-07-02 12:44:59.220', 'BOM', 6000, 0, 55.9689);
insert into trade (ID, instant, stock, size, buy, price) values (271, '2019-07-02 12:44:59.540', 'HON', 3600, 0, 143.4553);
insert into trade (ID, instant, stock, size, buy, price) values (259, '2019-07-02 12:44:59.540', 'HON', 2400, 0, 143.4553);
insert into trade (ID, instant, stock, size, buy, price) values (202, '2019-07-02 12:44:59.540', 'HON', 4000, 0, 143.4553);
insert into trade (ID, instant, stock, size, buy, price) values (207, '2019-07-02 12:45:00.160', 'MRK', 2880, 1, 63.7505);
insert into trade (ID, instant, stock, size, buy, price) values (210, '2019-07-02 12:45:00.480', 'MRK', 6000, 1, 63.7505);
insert into trade (ID, instant, stock, size, buy, price) values (218, '2019-07-02 12:49:58.500', 'AA', 6000, 0, 45.9154);
insert into trade (ID, instant, stock, size, buy, price) values (214, '2019-07-02 12:49:58.740', 'BOM', 8000, 0, 57.3674);
insert into trade (ID, instant, stock, size, buy, price) values (217, '2019-07-02 12:49:59.060', 'AAPL', 10000, 0, 111.2638);
insert into trade (ID, instant, stock, size, buy, price) values (212, '2019-07-02 12:49:59.060', 'AAPL', 6000, 0, 111.2638);
insert into trade (ID, instant, stock, size, buy, price) values (215, '2019-07-02 12:49:59.360', 'HON', 10000, 0, 142.5133);
insert into trade (ID, instant, stock, size, buy, price) values (216, '2019-07-02 12:49:59.680', 'MRK', 4000, 1, 62.5900);
insert into trade (ID, instant, stock, size, buy, price) values (213, '2019-07-02 12:49:59.680', 'MRK', 6000, 1, 62.5900);
insert into trade (ID, instant, stock, size, buy, price) values (222, '2019-07-02 12:54:59.560', 'AA', 2000, 0, 47.2359);
insert into trade (ID, instant, stock, size, buy, price) values (220, '2019-07-02 12:54:59.860', 'BOM', 2000, 0, 56.8359);
insert into trade (ID, instant, stock, size, buy, price) values (219, '2019-07-02 12:55:00.180', 'AAPL', 10000, 0, 109.0274);
insert into trade (ID, instant, stock, size, buy, price) values (221, '2019-07-02 12:55:00.500', 'MRK', 1920, 1, 61.4295);
insert into trade (ID, instant, stock, size, buy, price) values (223, '2019-07-02 12:59:58.960', 'AAPL', 10000, 1, 113.5326);
insert into trade (ID, instant, stock, size, buy, price) values (226, '2019-07-02 01:04:58.740', 'AA', 4000, 0, 48.2910);
insert into trade (ID, instant, stock, size, buy, price) values (224, '2019-07-02 01:04:58.800', 'BOM', 2000, 1, 58.2618);
insert into trade (ID, instant, stock, size, buy, price) values (228, '2019-07-02 01:04:59.120', 'AAPL', 10000, 0, 108.2594);
insert into trade (ID, instant, stock, size, buy, price) values (225, '2019-07-02 01:04:59.420', 'HON', 10000, 1, 150.7306);
insert into trade (ID, instant, stock, size, buy, price) values (229, '2019-07-02 01:09:58.960', 'AAPL', 10000, 0, 106.8746);
insert into trade (ID, instant, stock, size, buy, price) values (243, '2019-07-02 01:09:59.040', 'AAPL', 400, 0, 106.8746);
insert into trade (ID, instant, stock, size, buy, price) values (230, '2019-07-02 01:09:59.040', 'AAPL', 1600, 0, 106.8746);
insert into trade (ID, instant, stock, size, buy, price) values (231, '2019-07-02 01:14:59.440', 'AA', 6000, 0, 48.6298);
insert into trade (ID, instant, stock, size, buy, price) values (232, '2019-07-02 01:15:00.840', 'HON', 8000, 0, 143.3611);
insert into trade (ID, instant, stock, size, buy, price) values (233, '2019-07-02 01:19:58.760', 'AA', 10000, 0, 48.4636);
insert into trade (ID, instant, stock, size, buy, price) values (236, '2019-07-02 01:19:58.840', 'BOM', 10000, 0, 57.2897);
insert into trade (ID, instant, stock, size, buy, price) values (234, '2019-07-02 01:19:58.840', 'BOM', 10000, 0, 57.2897);
insert into trade (ID, instant, stock, size, buy, price) values (235, '2019-07-02 01:19:59.460', 'MRK', 10000, 1, 59.0184);
insert into trade (ID, instant, stock, size, buy, price) values (238, '2019-07-02 01:24:58.760', 'AA', 6000, 0, 48.0814);
insert into trade (ID, instant, stock, size, buy, price) values (239, '2019-07-02 01:24:59.020', 'BOM', 10000, 1, 55.8796);
insert into trade (ID, instant, stock, size, buy, price) values (261, '2019-07-02 01:24:59.320', 'BOM', 4000, 0, 55.8796);
insert into trade (ID, instant, stock, size, buy, price) values (240, '2019-07-02 01:24:59.320', 'BOM', 6000, 0, 55.8796);
insert into trade (ID, instant, stock, size, buy, price) values (237, '2019-07-02 01:24:59.960', 'MRK', 10000, 1, 59.5518);
insert into trade (ID, instant, stock, size, buy, price) values (246, '2019-07-02 01:29:58.680', 'BOM', 10000, 1, 56.6759);
insert into trade (ID, instant, stock, size, buy, price) values (244, '2019-07-02 01:29:59.080', 'AAPL', 10000, 1, 101.9484);
insert into trade (ID, instant, stock, size, buy, price) values (242, '2019-07-02 01:29:59.080', 'AAPL', 1600, 1, 101.9484);
insert into trade (ID, instant, stock, size, buy, price) values (267, '2019-07-02 01:29:59.700', 'MRK', 2400, 1, 60.3826);
insert into trade (ID, instant, stock, size, buy, price) values (253, '2019-07-02 01:29:59.700', 'MRK', 3600, 1, 60.3826);
insert into trade (ID, instant, stock, size, buy, price) values (245, '2019-07-02 01:29:59.700', 'MRK', 10000, 0, 60.3826);
insert into trade (ID, instant, stock, size, buy, price) values (241, '2019-07-02 01:29:59.700', 'MRK', 4000, 1, 60.3826);
insert into trade (ID, instant, stock, size, buy, price) values (248, '2019-07-02 01:34:58.680', 'AA', 10000, 0, 47.5164);
insert into trade (ID, instant, stock, size, buy, price) values (249, '2019-07-02 01:34:59.080', 'AAPL', 10000, 1, 103.8472);
insert into trade (ID, instant, stock, size, buy, price) values (250, '2019-07-02 01:34:59.400', 'AAPL', 400, 1, 103.8472);
insert into trade (ID, instant, stock, size, buy, price) values (247, '2019-07-02 01:34:59.700', 'MRK', 10000, 0, 61.4295);
insert into trade (ID, instant, stock, size, buy, price) values (256, '2019-07-02 01:39:58.720', 'AA', 10000, 1, 46.8201);
insert into trade (ID, instant, stock, size, buy, price) values (251, '2019-07-02 01:39:58.820', 'AA', 6000, 1, 46.8201);
insert into trade (ID, instant, stock, size, buy, price) values (260, '2019-07-02 01:39:59.140', 'BOM', 6000, 1, 54.1228);
insert into trade (ID, instant, stock, size, buy, price) values (255, '2019-07-02 01:39:59.140', 'BOM', 10000, 0, 54.1228);
insert into trade (ID, instant, stock, size, buy, price) values (254, '2019-07-02 01:39:59.140', 'BOM', 10000, 1, 54.1228);
insert into trade (ID, instant, stock, size, buy, price) values (258, '2019-07-02 01:39:59.760', 'HON', 4000, 1, 146.6646);
insert into trade (ID, instant, stock, size, buy, price) values (257, '2019-07-02 01:39:59.760', 'HON', 8000, 1, 146.6646);
insert into trade (ID, instant, stock, size, buy, price) values (252, '2019-07-02 01:40:00.080', 'MRK', 4000, 0, 62.5900);
insert into trade (ID, instant, stock, size, buy, price) values (262, '2019-07-02 01:44:58.700', 'AA', 10000, 1, 45.2999);
insert into trade (ID, instant, stock, size, buy, price) values (263, '2019-07-02 01:44:58.800', 'BOM', 4000, 1, 53.0385);
insert into trade (ID, instant, stock, size, buy, price) values (265, '2019-07-02 01:44:59.120', 'AAPL', 10000, 1, 103.9055);
insert into trade (ID, instant, stock, size, buy, price) values (264, '2019-07-02 01:44:59.120', 'AAPL', 10000, 0, 103.9055);
insert into trade (ID, instant, stock, size, buy, price) values (266, '2019-07-02 01:44:59.440', 'MRK', 3600, 0, 63.7505);
insert into trade (ID, instant, stock, size, buy, price) values (270, '2019-07-02 01:49:59.020', 'HON', 2400, 1, 136.5911);
insert into trade (ID, instant, stock, size, buy, price) values (272, '2019-07-02 01:49:59.200', 'HON', 10000, 0, 136.5911);
insert into trade (ID, instant, stock, size, buy, price) values (269, '2019-07-02 01:49:59.200', 'HON', 10000, 0, 136.5911);
insert into trade (ID, instant, stock, size, buy, price) values (268, '2019-07-02 01:49:59.500', 'MRK', 2400, 0, 64.7974);
insert into trade (ID, instant, stock, size, buy, price) values (273, '2019-07-02 01:54:58.840', 'BOM', 10000, 1, 55.5086);
insert into trade (ID, instant, stock, size, buy, price) values (275, '2019-07-02 01:54:58.920', 'AAPL', 10000, 1, 100.8944);
insert into trade (ID, instant, stock, size, buy, price) values (276, '2019-07-02 01:54:59.220', 'AAPL', 10000, 0, 100.8944);
insert into trade (ID, instant, stock, size, buy, price) values (274, '2019-07-02 01:54:59.540', 'HON', 3600, 1, 139.0300);
insert into trade (ID, instant, stock, size, buy, price) values (277, '2019-07-02 01:59:59.920', 'BOM', 10000, 1, 56.1772);
insert into trade (ID, instant, stock, size, buy, price) values (278, '2019-07-02 02:00:00.880', 'BOM', 10000, 1, 56.1772);
insert into trade (ID, instant, stock, size, buy, price) values (280, '2019-07-02 02:00:01.200', 'HON', 10000, 0, 137.3379);
insert into trade (ID, instant, stock, size, buy, price) values (279, '2019-07-02 02:00:01.200', 'AAPL', 10000, 1, 101.7111);
insert into trade (ID, instant, stock, size, buy, price) values (281, '2019-07-02 02:04:58.840', 'BOM', 10000, 0, 54.3668);
insert into trade (ID, instant, stock, size, buy, price) values (283, '2019-07-02 02:04:58.940', 'BOM', 10000, 0, 54.3668);
insert into trade (ID, instant, stock, size, buy, price) values (282, '2019-07-02 02:04:58.940', 'BOM', 10000, 0, 54.3668);
insert into trade (ID, instant, stock, size, buy, price) values (284, '2019-07-02 02:09:58.980', 'BOM', 10000, 0, 53.9067);
insert into trade (ID, instant, stock, size, buy, price) values (287, '2019-07-02 02:09:59.700', 'HON', 10000, 1, 133.8427);
insert into trade (ID, instant, stock, size, buy, price) values (285, '2019-07-02 02:09:59.700', 'HON', 10000, 1, 133.8427);
insert into trade (ID, instant, stock, size, buy, price) values (286, '2019-07-02 02:10:02.200', 'MRK', 10000, 0, 66.1616);
insert into trade (ID, instant, stock, size, buy, price) values (292, '2019-07-02 02:14:58.920', 'AA', 2000, 1, 43.7360);
insert into trade (ID, instant, stock, size, buy, price) values (290, '2019-07-02 02:14:59.300', 'BOM', 10000, 0, 51.9843);
insert into trade (ID, instant, stock, size, buy, price) values (289, '2019-07-02 02:14:59.600', 'BOM', 10000, 1, 51.9843);
insert into trade (ID, instant, stock, size, buy, price) values (293, '2019-07-02 02:15:00.240', 'AAPL', 10000, 1, 102.8407);
insert into trade (ID, instant, stock, size, buy, price) values (291, '2019-07-02 02:15:00.540', 'HON', 10000, 1, 138.6271);
insert into trade (ID, instant, stock, size, buy, price) values (288, '2019-07-02 02:15:00.860', 'MRK', 8000, 0, 65.6282);
insert into trade (ID, instant, stock, size, buy, price) values (299, '2019-07-02 02:19:58.640', 'AA', 10000, 1, 44.0811);
insert into trade (ID, instant, stock, size, buy, price) values (295, '2019-07-02 02:20:00.100', 'BOM', 10000, 1, 52.3481);
insert into trade (ID, instant, stock, size, buy, price) values (324, '2019-07-02 02:20:00.420', 'AAPL', 1600, 1, 102.0306);
insert into trade (ID, instant, stock, size, buy, price) values (317, '2019-07-02 02:20:00.420', 'AAPL', 400, 1, 102.0306);
insert into trade (ID, instant, stock, size, buy, price) values (294, '2019-07-02 02:20:00.420', 'AAPL', 8000, 1, 102.0306);
insert into trade (ID, instant, stock, size, buy, price) values (322, '2019-07-02 02:20:00.720', 'HON', 480, 1, 138.9731);
insert into trade (ID, instant, stock, size, buy, price) values (315, '2019-07-02 02:20:00.720', 'HON', 320, 1, 138.9731);
insert into trade (ID, instant, stock, size, buy, price) values (312, '2019-07-02 02:20:00.720', 'HON', 1200, 1, 138.9731);
insert into trade (ID, instant, stock, size, buy, price) values (296, '2019-07-02 02:20:00.720', 'HON', 8000, 1, 138.9731);
insert into trade (ID, instant, stock, size, buy, price) values (298, '2019-07-02 02:20:01.040', 'MRK', 10000, 0, 64.7974);
insert into trade (ID, instant, stock, size, buy, price) values (297, '2019-07-02 02:20:01.040', 'MRK', 10000, 1, 64.7974);
insert into trade (ID, instant, stock, size, buy, price) values (302, '2019-07-02 02:24:58.960', 'AA', 2000, 0, 44.6195);
insert into trade (ID, instant, stock, size, buy, price) values (303, '2019-07-02 02:24:59.200', 'AA', 10000, 1, 44.6195);
insert into trade (ID, instant, stock, size, buy, price) values (300, '2019-07-02 02:24:59.820', 'HON', 10000, 0, 141.6460);
insert into trade (ID, instant, stock, size, buy, price) values (301, '2019-07-02 02:25:02.320', 'MRK', 8000, 1, 63.7505);
insert into trade (ID, instant, stock, size, buy, price) values (304, '2019-07-02 02:29:58.800', 'AA', 10000, 0, 45.2999);
insert into trade (ID, instant, stock, size, buy, price) values (307, '2019-07-02 02:29:59.280', 'BOM', 10000, 1, 58.3000);
insert into trade (ID, instant, stock, size, buy, price) values (306, '2019-07-02 02:29:59.280', 'BOM', 10000, 0, 58.3000);
insert into trade (ID, instant, stock, size, buy, price) values (305, '2019-07-02 02:29:59.280', 'BOM', 8000, 1, 58.3000);
insert into trade (ID, instant, stock, size, buy, price) values (310, '2019-07-02 02:34:58.680', 'AA', 10000, 0, 46.0573);
insert into trade (ID, instant, stock, size, buy, price) values (309, '2019-07-02 02:34:59.600', 'HON', 10000, 1, 140.8276);
insert into trade (ID, instant, stock, size, buy, price) values (308, '2019-07-02 02:34:59.920', 'MRK', 10000, 1, 61.4295);
insert into trade (ID, instant, stock, size, buy, price) values (313, '2019-07-02 02:39:58.700', 'BOM', 8000, 0, 60.8529);
insert into trade (ID, instant, stock, size, buy, price) values (311, '2019-07-02 02:39:59.420', 'HON', 8000, 0, 146.1403);
insert into trade (ID, instant, stock, size, buy, price) values (319, '2019-07-02 02:44:58.700', 'AAPL', 10000, 0, 109.4024);
insert into trade (ID, instant, stock, size, buy, price) values (316, '2019-07-02 02:44:58.860', 'AAPL', 8000, 0, 109.4024);
insert into trade (ID, instant, stock, size, buy, price) values (318, '2019-07-02 02:44:59.180', 'AAPL', 10000, 0, 109.4024);
insert into trade (ID, instant, stock, size, buy, price) values (314, '2019-07-02 02:44:59.500', 'HON', 1200, 0, 143.3957);
insert into trade (ID, instant, stock, size, buy, price) values (323, '2019-07-02 02:49:59.620', 'AAPL', 400, 0, 112.6757);
insert into trade (ID, instant, stock, size, buy, price) values (321, '2019-07-02 02:49:59.720', 'HON', 320, 0, 142.7417);
insert into trade (ID, instant, stock, size, buy, price) values (320, '2019-07-02 02:50:00.040', 'HON', 10000, 0, 142.7417);
insert into trade (ID, instant, stock, size, buy, price) values (325, '2019-07-02 02:54:58.980', 'BOM', 10000, 0, 59.3595);
insert into trade (ID, instant, stock, size, buy, price) values (329, '2019-07-02 02:54:59.100', 'BOM', 10000, 0, 59.3595);
insert into trade (ID, instant, stock, size, buy, price) values (326, '2019-07-02 02:54:59.400', 'AAPL', 1600, 0, 113.1810);
insert into trade (ID, instant, stock, size, buy, price) values (330, '2019-07-02 02:55:00.020', 'HON', 10000, 0, 151.0200);
insert into trade (ID, instant, stock, size, buy, price) values (328, '2019-07-02 02:55:00.020', 'HON', 480, 0, 151.0200);
insert into trade (ID, instant, stock, size, buy, price) values (327, '2019-07-02 02:55:00.020', 'HON', 10000, 1, 151.0200);
insert into trade (ID, instant, stock, size, buy, price) values (331, '2019-07-02 02:59:59.060', 'BOM', 8000, 0, 58.6599);
insert into trade (ID, instant, stock, size, buy, price) values (333, '2019-07-02 02:59:59.300', 'AAPL', 2000, 0, 112.3354);
insert into trade (ID, instant, stock, size, buy, price) values (348, '2019-07-02 02:59:59.600', 'HON', 800, 0, 150.2681);
insert into trade (ID, instant, stock, size, buy, price) values (341, '2019-07-02 02:59:59.600', 'HON', 3200, 0, 150.2681);
insert into trade (ID, instant, stock, size, buy, price) values (334, '2019-07-02 02:59:59.600', 'HON', 6000, 0, 150.2681);
insert into trade (ID, instant, stock, size, buy, price) values (344, '2019-07-02 02:59:59.920', 'MRK', 6000, 1, 59.0184);
insert into trade (ID, instant, stock, size, buy, price) values (332, '2019-07-02 02:59:59.920', 'MRK', 4000, 1, 59.0184);
insert into trade (ID, instant, stock, size, buy, price) values (339, '2019-07-02 03:04:58.680', 'AA', 10000, 0, 48.5686);
insert into trade (ID, instant, stock, size, buy, price) values (335, '2019-07-02 03:04:59.100', 'BOM', 10000, 1, 56.3895);
insert into trade (ID, instant, stock, size, buy, price) values (337, '2019-07-02 03:04:59.420', 'BOM', 10000, 1, 56.3895);
insert into trade (ID, instant, stock, size, buy, price) values (336, '2019-07-02 03:04:59.420', 'BOM', 8000, 1, 56.3895);
insert into trade (ID, instant, stock, size, buy, price) values (340, '2019-07-02 03:05:00.360', 'HON', 6000, 1, 145.3818);
insert into trade (ID, instant, stock, size, buy, price) values (356, '2019-07-02 03:05:00.660', 'MRK', 6000, 1, 59.5518);
insert into trade (ID, instant, stock, size, buy, price) values (338, '2019-07-02 03:05:00.660', 'MRK', 4000, 1, 59.5518);
insert into trade (ID, instant, stock, size, buy, price) values (349, '2019-07-02 03:09:58.720', 'AA', 10000, 0, 48.2910);
insert into trade (ID, instant, stock, size, buy, price) values (363, '2019-07-02 03:09:59.160', 'BOM', 6000, 1, 56.9334);
insert into trade (ID, instant, stock, size, buy, price) values (346, '2019-07-02 03:09:59.160', 'BOM', 4000, 1, 56.9334);
insert into trade (ID, instant, stock, size, buy, price) values (352, '2019-07-02 03:09:59.460', 'AAPL', 2000, 1, 107.5957);
insert into trade (ID, instant, stock, size, buy, price) values (390, '2019-07-02 03:09:59.780', 'AAPL', 8000, 0, 107.5957);
insert into trade (ID, instant, stock, size, buy, price) values (350, '2019-07-02 03:09:59.780', 'AAPL', 2000, 0, 107.5957);
insert into trade (ID, instant, stock, size, buy, price) values (347, '2019-07-02 03:10:00.100', 'HON', 3200, 1, 143.3341);
insert into trade (ID, instant, stock, size, buy, price) values (376, '2019-07-02 03:10:00.400', 'HON', 240, 0, 143.3341);
insert into trade (ID, instant, stock, size, buy, price) values (372, '2019-07-02 03:10:00.400', 'HON', 960, 0, 143.3341);
insert into trade (ID, instant, stock, size, buy, price) values (367, '2019-07-02 03:10:00.400', 'HON', 800, 0, 143.3341);
insert into trade (ID, instant, stock, size, buy, price) values (345, '2019-07-02 03:10:00.400', 'HON', 8000, 0, 143.3341);
insert into trade (ID, instant, stock, size, buy, price) values (342, '2019-07-02 03:10:00.400', 'HON', 10000, 0, 143.3341);
insert into trade (ID, instant, stock, size, buy, price) values (343, '2019-07-02 03:10:00.720', 'MRK', 4000, 0, 60.3826);
insert into trade (ID, instant, stock, size, buy, price) values (351, '2019-07-02 03:10:01.040', 'MRK', 10000, 1, 60.3826);
insert into trade (ID, instant, stock, size, buy, price) values (354, '2019-07-02 03:14:58.460', 'AA', 10000, 0, 47.8297);
insert into trade (ID, instant, stock, size, buy, price) values (357, '2019-07-02 03:14:58.880', 'MRK', 6000, 0, 61.4295);
insert into trade (ID, instant, stock, size, buy, price) values (353, '2019-07-02 03:14:58.880', 'HON', 800, 1, 140.9069);
insert into trade (ID, instant, stock, size, buy, price) values (355, '2019-07-02 03:14:59.180', 'MRK', 4000, 0, 61.4295);
insert into trade (ID, instant, stock, size, buy, price) values (358, '2019-07-02 03:19:58.840', 'AA', 10000, 1, 47.2359);
insert into trade (ID, instant, stock, size, buy, price) values (362, '2019-07-02 03:19:59.260', 'BOM', 4000, 0, 55.2320);
insert into trade (ID, instant, stock, size, buy, price) values (361, '2019-07-02 03:19:59.880', 'AAPL', 2000, 1, 107.6620);
insert into trade (ID, instant, stock, size, buy, price) values (381, '2019-07-02 03:20:00.200', 'HON', 800, 1, 151.7875);
insert into trade (ID, instant, stock, size, buy, price) values (364, '2019-07-02 03:20:00.200', 'HON', 1200, 1, 151.7875);
insert into trade (ID, instant, stock, size, buy, price) values (366, '2019-07-02 03:20:00.500', 'HON', 8000, 1, 151.7875);
insert into trade (ID, instant, stock, size, buy, price) values (365, '2019-07-02 03:20:00.500', 'HON', 10000, 1, 151.7875);
insert into trade (ID, instant, stock, size, buy, price) values (360, '2019-07-02 03:20:00.820', 'MRK', 10000, 0, 62.5900);
insert into trade (ID, instant, stock, size, buy, price) values (359, '2019-07-02 03:20:01.140', 'MRK', 6000, 0, 62.5900);
insert into trade (ID, instant, stock, size, buy, price) values (368, '2019-07-02 03:24:58.980', 'AA', 10000, 1, 46.5740);
insert into trade (ID, instant, stock, size, buy, price) values (369, '2019-07-02 03:24:59.180', 'AA', 10000, 1, 46.5740);
insert into trade (ID, instant, stock, size, buy, price) values (374, '2019-07-02 03:24:59.800', 'BOM', 6000, 0, 54.9829);
insert into trade (ID, instant, stock, size, buy, price) values (378, '2019-07-02 03:25:01.040', 'AAPL', 8000, 1, 107.1967);
insert into trade (ID, instant, stock, size, buy, price) values (373, '2019-07-02 03:25:01.040', 'AAPL', 2000, 1, 107.1967);
insert into trade (ID, instant, stock, size, buy, price) values (370, '2019-07-02 03:25:02.300', 'HON', 10000, 1, 150.9505);
insert into trade (ID, instant, stock, size, buy, price) values (371, '2019-07-02 03:25:02.620', 'HON', 800, 1, 150.9505);
insert into trade (ID, instant, stock, size, buy, price) values (375, '2019-07-02 03:29:59.520', 'HON', 960, 1, 150.3872);
insert into trade (ID, instant, stock, size, buy, price) values (384, '2019-07-02 03:34:59.080', 'BOM', 10000, 1, 52.4284);
insert into trade (ID, instant, stock, size, buy, price) values (382, '2019-07-02 03:34:59.300', 'AAPL', 2000, 0, 111.0726);
insert into trade (ID, instant, stock, size, buy, price) values (377, '2019-07-02 03:34:59.940', 'AAPL', 2000, 0, 111.0726);
insert into trade (ID, instant, stock, size, buy, price) values (380, '2019-07-02 03:35:00.240', 'HON', 1200, 0, 147.2225);
insert into trade (ID, instant, stock, size, buy, price) values (383, '2019-07-02 03:35:04.000', 'HON', 240, 1, 147.2225);
insert into trade (ID, instant, stock, size, buy, price) values (379, '2019-07-02 03:35:04.000', 'HON', 10000, 0, 147.2225);
insert into trade (ID, instant, stock, size, buy, price) values (385, '2019-07-02 03:39:59.260', 'AAPL', 10000, 0, 99.2637);
insert into trade (ID, instant, stock, size, buy, price) values (389, '2019-07-02 03:39:59.340', 'AAPL', 2000, 1, 99.2637);
insert into trade (ID, instant, stock, size, buy, price) values (386, '2019-07-02 03:39:59.340', 'AAPL', 8000, 0, 99.2637);
insert into trade (ID, instant, stock, size, buy, price) values (388, '2019-07-02 03:39:59.640', 'HON', 10000, 0, 145.2296);
insert into trade (ID, instant, stock, size, buy, price) values (387, '2019-07-02 03:39:59.640', 'HON', 800, 0, 145.2296);
insert into trade (ID, instant, stock, size, buy, price) values (391, '2019-07-02 03:44:59.280', 'BOM', 10000, 0, 54.4337);
insert into trade (ID, instant, stock, size, buy, price) values (393, '2019-07-02 03:44:59.360', 'BOM', 10000, 1, 54.4337);
insert into trade (ID, instant, stock, size, buy, price) values (392, '2019-07-02 03:44:59.360', 'AAPL', 8000, 1, 98.7584);
insert into trade (ID, instant, stock, size, buy, price) values (394, '2019-07-02 03:44:59.980', 'HON', 6000, 1, 148.0666);
insert into trade (ID, instant, stock, size, buy, price) values (396, '2019-07-02 03:49:58.680', 'BOM', 10000, 0, 53.4896);
insert into trade (ID, instant, stock, size, buy, price) values (405, '2019-07-02 03:49:59.060', 'MRK', 2000, 0, 66.1616);
insert into trade (ID, instant, stock, size, buy, price) values (398, '2019-07-02 03:49:59.060', 'HON', 10000, 1, 149.9946);
insert into trade (ID, instant, stock, size, buy, price) values (397, '2019-07-02 03:49:59.060', 'MRK', 8000, 0, 66.1616);
insert into trade (ID, instant, stock, size, buy, price) values (395, '2019-07-02 03:49:59.060', 'HON', 10000, 1, 149.9946);
insert into trade (ID, instant, stock, size, buy, price) values (412, '2019-07-02 03:54:58.800', 'AA', 6000, 1, 44.8018);
insert into trade (ID, instant, stock, size, buy, price) values (401, '2019-07-02 03:54:58.800', 'AA', 4000, 1, 44.8018);
insert into trade (ID, instant, stock, size, buy, price) values (399, '2019-07-02 03:54:59.480', 'AAPL', 10000, 1, 97.2198);
insert into trade (ID, instant, stock, size, buy, price) values (414, '2019-07-02 03:55:00.420', 'MRK', 6000, 0, 65.6282);
insert into trade (ID, instant, stock, size, buy, price) values (400, '2019-07-02 03:55:00.420', 'MRK', 4000, 0, 65.6282);
insert into trade (ID, instant, stock, size, buy, price) values (409, '2019-07-02 03:59:58.740', 'AA', 10000, 1, 45.2257);
insert into trade (ID, instant, stock, size, buy, price) values (408, '2019-07-02 03:59:59.180', 'BOM', 10000, 1, 54.6068);
insert into trade (ID, instant, stock, size, buy, price) values (407, '2019-07-02 03:59:59.800', 'HON', 6000, 0, 142.2517);
insert into trade (ID, instant, stock, size, buy, price) values (406, '2019-07-02 03:59:59.800', 'HON', 10000, 0, 142.2517);
insert into trade (ID, instant, stock, size, buy, price) values (404, '2019-07-02 04:00:00.120', 'MRK', 8000, 1, 64.7974);
insert into trade (ID, instant, stock, size, buy, price) values (403, '2019-07-02 04:00:00.120', 'HON', 10000, 0, 142.2517);
insert into trade (ID, instant, stock, size, buy, price) values (402, '2019-07-02 04:00:00.420', 'MRK', 10000, 0, 64.7974);

insert into position (ID, trader_id, opening_trade_id, closing_trade_id) values (1, 1, 1, 3);
insert into position (ID, trader_id, opening_trade_id, closing_trade_id) values (2, 1, 2, 4);
insert into position (ID, trader_id, opening_trade_id, closing_trade_id) values (3, 3, 5, 23);
insert into position (ID, trader_id, opening_trade_id, closing_trade_id) values (4, 1, 6, 8);
insert into position (ID, trader_id, opening_trade_id, closing_trade_id) values (5, 1, 7, 7);
insert into position (ID, trader_id, opening_trade_id, closing_trade_id) values (6, 1, 10, 15);
insert into position (ID, trader_id, opening_trade_id, closing_trade_id) values (7, 1, 11, 19);
insert into position (ID, trader_id, opening_trade_id, closing_trade_id) values (8, 1, 12, 21);
insert into position (ID, trader_id, opening_trade_id, closing_trade_id) values (9, 1, 13, 13);
insert into position (ID, trader_id, opening_trade_id, closing_trade_id) values (10, 3, 14, 22);
insert into position (ID, trader_id, opening_trade_id, closing_trade_id) values (11, 1, 16, 31);
insert into position (ID, trader_id, opening_trade_id, closing_trade_id) values (12, 1, 18, 27);
insert into position (ID, trader_id, opening_trade_id, closing_trade_id) values (13, 3, 20, 20);
insert into position (ID, trader_id, opening_trade_id, closing_trade_id) values (14, 3, 24, 35);
insert into position (ID, trader_id, opening_trade_id, closing_trade_id) values (15, 3, 25, 25);
insert into position (ID, trader_id, opening_trade_id, closing_trade_id) values (16, 1, 26, 32);
insert into position (ID, trader_id, opening_trade_id, closing_trade_id) values (17, 1, 28, 37);
insert into position (ID, trader_id, opening_trade_id, closing_trade_id) values (18, 3, 30, 30);
insert into position (ID, trader_id, opening_trade_id, closing_trade_id) values (19, 3, 34, 40);
insert into position (ID, trader_id, opening_trade_id, closing_trade_id) values (20, 2, 36, 41);
insert into position (ID, trader_id, opening_trade_id, closing_trade_id) values (21, 3, 39, 39);
insert into position (ID, trader_id, opening_trade_id, closing_trade_id) values (22, 1, 42, 42);
insert into position (ID, trader_id, opening_trade_id, closing_trade_id) values (23, 3, 44, 50);
insert into position (ID, trader_id, opening_trade_id, closing_trade_id) values (24, 3, 45, 45);
insert into position (ID, trader_id, opening_trade_id, closing_trade_id) values (25, 3, 46, 55);
insert into position (ID, trader_id, opening_trade_id, closing_trade_id) values (26, 3, 48, 53);
insert into position (ID, trader_id, opening_trade_id, closing_trade_id) values (27, 2, 49, 64);
insert into position (ID, trader_id, opening_trade_id, closing_trade_id) values (28, 1, 52, 57);
insert into position (ID, trader_id, opening_trade_id, closing_trade_id) values (29, 1, 54, 59);
insert into position (ID, trader_id, opening_trade_id, closing_trade_id) values (30, 1, 56, 56);
insert into position (ID, trader_id, opening_trade_id, closing_trade_id) values (31, 1, 58, 72);
insert into position (ID, trader_id, opening_trade_id, closing_trade_id) values (32, 1, 60, 80);
insert into position (ID, trader_id, opening_trade_id, closing_trade_id) values (33, 1, 62, 88);
insert into position (ID, trader_id, opening_trade_id, closing_trade_id) values (34, 2, 63, 68);
insert into position (ID, trader_id, opening_trade_id, closing_trade_id) values (35, 2, 65, 65);
insert into position (ID, trader_id, opening_trade_id, closing_trade_id) values (36, 3, 66, 66);
insert into position (ID, trader_id, opening_trade_id, closing_trade_id) values (37, 1, 67, 78);
insert into position (ID, trader_id, opening_trade_id, closing_trade_id) values (38, 3, 69, 77);
insert into position (ID, trader_id, opening_trade_id, closing_trade_id) values (39, 2, 70, 94);
insert into position (ID, trader_id, opening_trade_id, closing_trade_id) values (40, 1, 71, 71);
insert into position (ID, trader_id, opening_trade_id, closing_trade_id) values (41, 3, 73, 90);
insert into position (ID, trader_id, opening_trade_id, closing_trade_id) values (42, 3, 75, 147);
insert into position (ID, trader_id, opening_trade_id, closing_trade_id) values (43, 2, 76, 91);
insert into position (ID, trader_id, opening_trade_id, closing_trade_id) values (44, 2, 79, 83);
insert into position (ID, trader_id, opening_trade_id, closing_trade_id) values (45, 1, 82, 93);
insert into position (ID, trader_id, opening_trade_id, closing_trade_id) values (46, 2, 85, 92);
insert into position (ID, trader_id, opening_trade_id, closing_trade_id) values (47, 3, 86, 97);
insert into position (ID, trader_id, opening_trade_id, closing_trade_id) values (48, 1, 87, 95);
insert into position (ID, trader_id, opening_trade_id, closing_trade_id) values (49, 3, 89, 89);
insert into position (ID, trader_id, opening_trade_id, closing_trade_id) values (50, 2, 96, 99);
insert into position (ID, trader_id, opening_trade_id, closing_trade_id) values (51, 2, 98, 111);
insert into position (ID, trader_id, opening_trade_id, closing_trade_id) values (52, 1, 100, 100);
insert into position (ID, trader_id, opening_trade_id, closing_trade_id) values (53, 1, 101, 101);
insert into position (ID, trader_id, opening_trade_id, closing_trade_id) values (54, 2, 102, 102);
insert into position (ID, trader_id, opening_trade_id, closing_trade_id) values (55, 1, 103, 109);
insert into position (ID, trader_id, opening_trade_id, closing_trade_id) values (56, 3, 104, 121);
insert into position (ID, trader_id, opening_trade_id, closing_trade_id) values (57, 1, 106, 106);
insert into position (ID, trader_id, opening_trade_id, closing_trade_id) values (58, 1, 108, 114);
insert into position (ID, trader_id, opening_trade_id, closing_trade_id) values (59, 2, 110, 146);
insert into position (ID, trader_id, opening_trade_id, closing_trade_id) values (60, 1, 113, 129);
insert into position (ID, trader_id, opening_trade_id, closing_trade_id) values (61, 1, 115, 123);
insert into position (ID, trader_id, opening_trade_id, closing_trade_id) values (62, 3, 117, 122);
insert into position (ID, trader_id, opening_trade_id, closing_trade_id) values (63, 1, 118, 134);
insert into position (ID, trader_id, opening_trade_id, closing_trade_id) values (64, 2, 119, 119);
insert into position (ID, trader_id, opening_trade_id, closing_trade_id) values (65, 1, 120, 127);
insert into position (ID, trader_id, opening_trade_id, closing_trade_id) values (66, 2, 124, 124);
insert into position (ID, trader_id, opening_trade_id, closing_trade_id) values (67, 1, 125, 131);
insert into position (ID, trader_id, opening_trade_id, closing_trade_id) values (68, 1, 126, 126);
insert into position (ID, trader_id, opening_trade_id, closing_trade_id) values (69, 3, 128, 165);
insert into position (ID, trader_id, opening_trade_id, closing_trade_id) values (70, 2, 130, 130);
insert into position (ID, trader_id, opening_trade_id, closing_trade_id) values (71, 3, 132, 145);
insert into position (ID, trader_id, opening_trade_id, closing_trade_id) values (72, 3, 133, 148);
insert into position (ID, trader_id, opening_trade_id, closing_trade_id) values (73, 1, 135, 167);
insert into position (ID, trader_id, opening_trade_id, closing_trade_id) values (74, 1, 136, 136);
insert into position (ID, trader_id, opening_trade_id, closing_trade_id) values (75, 2, 138, 138);
insert into position (ID, trader_id, opening_trade_id, closing_trade_id) values (76, 2, 140, 140);
insert into position (ID, trader_id, opening_trade_id, closing_trade_id) values (77, 1, 142, 142);
insert into position (ID, trader_id, opening_trade_id, closing_trade_id) values (78, 2, 144, 149);
insert into position (ID, trader_id, opening_trade_id, closing_trade_id) values (79, 1, 151, 151);
insert into position (ID, trader_id, opening_trade_id, closing_trade_id) values (80, 2, 153, 166);
insert into position (ID, trader_id, opening_trade_id, closing_trade_id) values (81, 2, 155, 162);
insert into position (ID, trader_id, opening_trade_id, closing_trade_id) values (82, 1, 157, 161);
insert into position (ID, trader_id, opening_trade_id, closing_trade_id) values (83, 3, 158, 176);
insert into position (ID, trader_id, opening_trade_id, closing_trade_id) values (84, 1, 160, 171);
insert into position (ID, trader_id, opening_trade_id, closing_trade_id) values (85, 2, 164, 164);
insert into position (ID, trader_id, opening_trade_id, closing_trade_id) values (86, 1, 168, 200);
insert into position (ID, trader_id, opening_trade_id, closing_trade_id) values (87, 1, 169, 170);
insert into position (ID, trader_id, opening_trade_id, closing_trade_id) values (88, 2, 172, 269);
insert into position (ID, trader_id, opening_trade_id, closing_trade_id) values (89, 2, 174, 185);
insert into position (ID, trader_id, opening_trade_id, closing_trade_id) values (90, 3, 175, 175);
insert into position (ID, trader_id, opening_trade_id, closing_trade_id) values (91, 1, 177, 177);
insert into position (ID, trader_id, opening_trade_id, closing_trade_id) values (92, 1, 178, 183);
insert into position (ID, trader_id, opening_trade_id, closing_trade_id) values (93, 3, 179, 199);
insert into position (ID, trader_id, opening_trade_id, closing_trade_id) values (94, 3, 181, 184);
insert into position (ID, trader_id, opening_trade_id, closing_trade_id) values (95, 1, 182, 182);
insert into position (ID, trader_id, opening_trade_id, closing_trade_id) values (96, 2, 186, 186);
insert into position (ID, trader_id, opening_trade_id, closing_trade_id) values (97, 1, 187, 218);
insert into position (ID, trader_id, opening_trade_id, closing_trade_id) values (98, 2, 188, 188);
insert into position (ID, trader_id, opening_trade_id, closing_trade_id) values (99, 3, 189, 212);
insert into position (ID, trader_id, opening_trade_id, closing_trade_id) values (100, 1, 191, 191);
insert into position (ID, trader_id, opening_trade_id, closing_trade_id) values (101, 1, 192, 217);
insert into position (ID, trader_id, opening_trade_id, closing_trade_id) values (102, 3, 193, 193);
insert into position (ID, trader_id, opening_trade_id, closing_trade_id) values (103, 2, 195, 204);
insert into position (ID, trader_id, opening_trade_id, closing_trade_id) values (104, 1, 197, 209);
insert into position (ID, trader_id, opening_trade_id, closing_trade_id) values (105, 2, 198, 222);
insert into position (ID, trader_id, opening_trade_id, closing_trade_id) values (106, 3, 201, 213);
insert into position (ID, trader_id, opening_trade_id, closing_trade_id) values (107, 1, 202, 202);
insert into position (ID, trader_id, opening_trade_id, closing_trade_id) values (108, 3, 203, 203);
insert into position (ID, trader_id, opening_trade_id, closing_trade_id) values (109, 3, 206, 214);
insert into position (ID, trader_id, opening_trade_id, closing_trade_id) values (110, 1, 208, 221);
insert into position (ID, trader_id, opening_trade_id, closing_trade_id) values (111, 2, 211, 216);
insert into position (ID, trader_id, opening_trade_id, closing_trade_id) values (112, 3, 215, 225);
insert into position (ID, trader_id, opening_trade_id, closing_trade_id) values (113, 1, 219, 223);
insert into position (ID, trader_id, opening_trade_id, closing_trade_id) values (114, 1, 220, 224);
insert into position (ID, trader_id, opening_trade_id, closing_trade_id) values (115, 3, 227, 231);
insert into position (ID, trader_id, opening_trade_id, closing_trade_id) values (116, 1, 228, 249);
insert into position (ID, trader_id, opening_trade_id, closing_trade_id) values (117, 3, 229, 244);
insert into position (ID, trader_id, opening_trade_id, closing_trade_id) values (118, 2, 230, 230);
insert into position (ID, trader_id, opening_trade_id, closing_trade_id) values (119, 3, 232, 257);
insert into position (ID, trader_id, opening_trade_id, closing_trade_id) values (120, 1, 233, 256);
insert into position (ID, trader_id, opening_trade_id, closing_trade_id) values (121, 2, 234, 254);
insert into position (ID, trader_id, opening_trade_id, closing_trade_id) values (122, 1, 235, 245);
insert into position (ID, trader_id, opening_trade_id, closing_trade_id) values (123, 1, 236, 239);
insert into position (ID, trader_id, opening_trade_id, closing_trade_id) values (124, 2, 237, 247);
insert into position (ID, trader_id, opening_trade_id, closing_trade_id) values (125, 2, 238, 251);
insert into position (ID, trader_id, opening_trade_id, closing_trade_id) values (126, 3, 240, 240);
insert into position (ID, trader_id, opening_trade_id, closing_trade_id) values (127, 3, 241, 241);
insert into position (ID, trader_id, opening_trade_id, closing_trade_id) values (128, 2, 243, 250);
insert into position (ID, trader_id, opening_trade_id, closing_trade_id) values (129, 1, 246, 255);
insert into position (ID, trader_id, opening_trade_id, closing_trade_id) values (130, 3, 248, 262);
insert into position (ID, trader_id, opening_trade_id, closing_trade_id) values (131, 3, 253, 253);
insert into position (ID, trader_id, opening_trade_id, closing_trade_id) values (132, 1, 259, 259);
insert into position (ID, trader_id, opening_trade_id, closing_trade_id) values (133, 3, 261, 263);
insert into position (ID, trader_id, opening_trade_id, closing_trade_id) values (134, 1, 264, 275);
insert into position (ID, trader_id, opening_trade_id, closing_trade_id) values (135, 2, 265, 276);
insert into position (ID, trader_id, opening_trade_id, closing_trade_id) values (136, 3, 267, 268);
insert into position (ID, trader_id, opening_trade_id, closing_trade_id) values (137, 1, 271, 274);
insert into position (ID, trader_id, opening_trade_id, closing_trade_id) values (138, 3, 272, 287);
insert into position (ID, trader_id, opening_trade_id, closing_trade_id) values (139, 1, 273, 281);
insert into position (ID, trader_id, opening_trade_id, closing_trade_id) values (140, 3, 277, 282);
insert into position (ID, trader_id, opening_trade_id, closing_trade_id) values (141, 2, 278, 283);
insert into position (ID, trader_id, opening_trade_id, closing_trade_id) values (142, 1, 279, 319);
insert into position (ID, trader_id, opening_trade_id, closing_trade_id) values (143, 1, 280, 285);
insert into position (ID, trader_id, opening_trade_id, closing_trade_id) values (144, 2, 284, 289);
insert into position (ID, trader_id, opening_trade_id, closing_trade_id) values (145, 1, 286, 297);
insert into position (ID, trader_id, opening_trade_id, closing_trade_id) values (146, 2, 288, 301);
insert into position (ID, trader_id, opening_trade_id, closing_trade_id) values (147, 3, 290, 307);
insert into position (ID, trader_id, opening_trade_id, closing_trade_id) values (148, 1, 291, 300);
insert into position (ID, trader_id, opening_trade_id, closing_trade_id) values (149, 1, 292, 302);
insert into position (ID, trader_id, opening_trade_id, closing_trade_id) values (150, 2, 293, 318);
insert into position (ID, trader_id, opening_trade_id, closing_trade_id) values (151, 3, 294, 294);
insert into position (ID, trader_id, opening_trade_id, closing_trade_id) values (152, 1, 295, 306);
insert into position (ID, trader_id, opening_trade_id, closing_trade_id) values (153, 3, 296, 296);
insert into position (ID, trader_id, opening_trade_id, closing_trade_id) values (154, 3, 298, 308);
insert into position (ID, trader_id, opening_trade_id, closing_trade_id) values (155, 2, 299, 304);
insert into position (ID, trader_id, opening_trade_id, closing_trade_id) values (156, 3, 303, 310);
insert into position (ID, trader_id, opening_trade_id, closing_trade_id) values (157, 2, 305, 313);
insert into position (ID, trader_id, opening_trade_id, closing_trade_id) values (158, 1, 309, 330);
insert into position (ID, trader_id, opening_trade_id, closing_trade_id) values (159, 3, 312, 312);
insert into position (ID, trader_id, opening_trade_id, closing_trade_id) values (160, 3, 315, 315);
insert into position (ID, trader_id, opening_trade_id, closing_trade_id) values (161, 3, 317, 317);
insert into position (ID, trader_id, opening_trade_id, closing_trade_id) values (162, 2, 320, 327);
insert into position (ID, trader_id, opening_trade_id, closing_trade_id) values (163, 3, 322, 328);
insert into position (ID, trader_id, opening_trade_id, closing_trade_id) values (164, 3, 324, 326);
insert into position (ID, trader_id, opening_trade_id, closing_trade_id) values (165, 1, 325, 335);
insert into position (ID, trader_id, opening_trade_id, closing_trade_id) values (166, 2, 329, 337);
insert into position (ID, trader_id, opening_trade_id, closing_trade_id) values (167, 3, 331, 336);
insert into position (ID, trader_id, opening_trade_id, closing_trade_id) values (168, 1, 332, 332);
insert into position (ID, trader_id, opening_trade_id, closing_trade_id) values (169, 1, 333, 352);
insert into position (ID, trader_id, opening_trade_id, closing_trade_id) values (170, 1, 334, 334);
insert into position (ID, trader_id, opening_trade_id, closing_trade_id) values (171, 2, 338, 338);
insert into position (ID, trader_id, opening_trade_id, closing_trade_id) values (172, 1, 339, 358);
insert into position (ID, trader_id, opening_trade_id, closing_trade_id) values (173, 1, 341, 341);
insert into position (ID, trader_id, opening_trade_id, closing_trade_id) values (174, 3, 342, 365);
insert into position (ID, trader_id, opening_trade_id, closing_trade_id) values (175, 1, 344, 357);
insert into position (ID, trader_id, opening_trade_id, closing_trade_id) values (176, 2, 345, 345);
insert into position (ID, trader_id, opening_trade_id, closing_trade_id) values (177, 1, 346, 346);
insert into position (ID, trader_id, opening_trade_id, closing_trade_id) values (178, 1, 348, 353);
insert into position (ID, trader_id, opening_trade_id, closing_trade_id) values (179, 2, 349, 369);
insert into position (ID, trader_id, opening_trade_id, closing_trade_id) values (180, 3, 350, 350);
insert into position (ID, trader_id, opening_trade_id, closing_trade_id) values (181, 3, 351, 360);
insert into position (ID, trader_id, opening_trade_id, closing_trade_id) values (182, 3, 354, 368);
insert into position (ID, trader_id, opening_trade_id, closing_trade_id) values (183, 2, 356, 359);
insert into position (ID, trader_id, opening_trade_id, closing_trade_id) values (184, 1, 361, 382);
insert into position (ID, trader_id, opening_trade_id, closing_trade_id) values (185, 1, 363, 374);
insert into position (ID, trader_id, opening_trade_id, closing_trade_id) values (186, 1, 364, 364);
insert into position (ID, trader_id, opening_trade_id, closing_trade_id) values (187, 2, 367, 367);
insert into position (ID, trader_id, opening_trade_id, closing_trade_id) values (188, 3, 370, 379);
insert into position (ID, trader_id, opening_trade_id, closing_trade_id) values (189, 2, 372, 372);
insert into position (ID, trader_id, opening_trade_id, closing_trade_id) values (190, 2, 373, 373);
insert into position (ID, trader_id, opening_trade_id, closing_trade_id) values (191, 2, 376, 383);
insert into position (ID, trader_id, opening_trade_id, closing_trade_id) values (192, 2, 378, 386);
insert into position (ID, trader_id, opening_trade_id, closing_trade_id) values (193, 1, 381, 387);
insert into position (ID, trader_id, opening_trade_id, closing_trade_id) values (194, 1, 384, 391);
insert into position (ID, trader_id, opening_trade_id, closing_trade_id) values (195, 1, 385, 399);
insert into position (ID, trader_id, opening_trade_id, closing_trade_id) values (196, 3, 388, 398);
insert into position (ID, trader_id, opening_trade_id, closing_trade_id) values (197, 3, 390, 392);
insert into position (ID, trader_id, opening_trade_id, closing_trade_id) values (198, 2, 393, null);
insert into position (ID, trader_id, opening_trade_id, closing_trade_id) values (199, 1, 394, 407);
insert into position (ID, trader_id, opening_trade_id, closing_trade_id) values (200, 2, 395, 403);
insert into position (ID, trader_id, opening_trade_id, closing_trade_id) values (201, 1, 396, 408);
insert into position (ID, trader_id, opening_trade_id, closing_trade_id) values (202, 1, 397, 397);
insert into position (ID, trader_id, opening_trade_id, closing_trade_id) values (203, 2, 400, 400);
insert into position (ID, trader_id, opening_trade_id, closing_trade_id) values (204, 1, 401, 401);
insert into position (ID, trader_id, opening_trade_id, closing_trade_id) values (205, 3, 402, null);
insert into position (ID, trader_id, opening_trade_id, closing_trade_id) values (206, 1, 405, null);
insert into position (ID, trader_id, opening_trade_id, closing_trade_id) values (207, 3, 406, null);
insert into position (ID, trader_id, opening_trade_id, closing_trade_id) values (208, 2, 409, null);
insert into position (ID, trader_id, opening_trade_id, closing_trade_id) values (209, 1, 412, null);
insert into position (ID, trader_id, opening_trade_id, closing_trade_id) values (210, 2, 414, null);

insert into price_point (ID, instant, stock, opn, high, low, cls, volume) values (480, '2019-07-02 09:24:42.140', 'BOM', 58.6612, 59.7073, 58.6612, 59.5991, 81131);
insert into price_point (ID, instant, stock, opn, high, low, cls, volume) values (601, '2019-07-02 09:24:51.840', 'HON', 150.3001, 153.0326, 149.8213, 151.6827, 87462);
insert into price_point (ID, instant, stock, opn, high, low, cls, volume) values (602, '2019-07-02 09:24:57.420', 'MRK', 63.6377, 63.6377, 62.5900, 62.5900, 61283);
insert into price_point (ID, instant, stock, opn, high, low, cls, volume) values (360, '2019-07-02 09:24:58.540', 'AA', 48.0743, 48.7627, 48.0743, 48.7627, 29978);
insert into price_point (ID, instant, stock, opn, high, low, cls, volume) values (481, '2019-07-02 09:25:00.000', 'AAPL', 110.6099, 113.9651, 106.4763, 106.4763, 16471);
insert into price_point (ID, instant, stock, opn, high, low, cls, volume) values (603, '2019-07-02 09:29:42.140', 'BOM', 59.1575, 61.0894, 59.1575, 61.0894, 70360);
insert into price_point (ID, instant, stock, opn, high, low, cls, volume) values (604, '2019-07-02 09:29:51.840', 'HON', 153.8152, 154.1075, 149.2982, 149.2982, 71110);
insert into price_point (ID, instant, stock, opn, high, low, cls, volume) values (605, '2019-07-02 09:29:57.420', 'MRK', 62.4720, 62.4720, 61.4295, 61.4295, 20277);
insert into price_point (ID, instant, stock, opn, high, low, cls, volume) values (606, '2019-07-02 09:29:58.540', 'AA', 48.8399, 49.5201, 48.8399, 49.5201, 42032);
insert into price_point (ID, instant, stock, opn, high, low, cls, volume) values (608, '2019-07-02 09:30:00.000', 'AAPL', 105.7235, 111.0074, 105.4641, 109.3715, 40098);
insert into price_point (ID, instant, stock, opn, high, low, cls, volume) values (607, '2019-07-02 09:34:42.140', 'BOM', 60.6906, 61.9606, 60.5857, 61.9606, 50363);
insert into price_point (ID, instant, stock, opn, high, low, cls, volume) values (609, '2019-07-02 09:34:51.840', 'HON', 148.2299, 149.8173, 147.5774, 148.5667, 17376);
insert into price_point (ID, instant, stock, opn, high, low, cls, volume) values (610, '2019-07-02 09:34:57.420', 'MRK', 61.3179, 61.3179, 60.3826, 60.3826, 33139);
insert into price_point (ID, instant, stock, opn, high, low, cls, volume) values (611, '2019-07-02 09:34:58.540', 'AA', 49.5928, 50.2005, 49.5928, 50.2005, 85958);
insert into price_point (ID, instant, stock, opn, high, low, cls, volume) values (613, '2019-07-02 09:35:00.000', 'AAPL', 109.6383, 112.8580, 109.2449, 111.2273, 52927);
insert into price_point (ID, instant, stock, opn, high, low, cls, volume) values (612, '2019-07-02 09:39:42.140', 'BOM', 61.8723, 61.8723, 60.3266, 61.1623, 45994);
insert into price_point (ID, instant, stock, opn, high, low, cls, volume) values (614, '2019-07-02 09:39:51.840', 'HON', 148.8283, 149.4407, 145.8697, 145.8697, 90278);
insert into price_point (ID, instant, stock, opn, high, low, cls, volume) values (615, '2019-07-02 09:39:57.420', 'MRK', 60.2883, 60.2883, 59.5518, 59.5518, 59412);
insert into price_point (ID, instant, stock, opn, high, low, cls, volume) values (616, '2019-07-02 09:39:58.540', 'AA', 50.2617, 50.7389, 50.2617, 50.7389, 34388);
insert into price_point (ID, instant, stock, opn, high, low, cls, volume) values (618, '2019-07-02 09:40:00.000', 'AAPL', 110.7277, 111.3000, 108.3497, 108.3497, 95769);
insert into price_point (ID, instant, stock, opn, high, low, cls, volume) values (617, '2019-07-02 09:44:42.140', 'BOM', 61.2571, 63.1717, 61.0018, 63.1020, 6295);
insert into price_point (ID, instant, stock, opn, high, low, cls, volume) values (619, '2019-07-02 09:44:51.840', 'HON', 147.0687, 147.0687, 144.4529, 145.8835, 98677);
insert into price_point (ID, instant, stock, opn, high, low, cls, volume) values (620, '2019-07-02 09:44:57.420', 'MRK', 59.4840, 59.4840, 59.0184, 59.0184, 16092);
insert into price_point (ID, instant, stock, opn, high, low, cls, volume) values (621, '2019-07-02 09:44:58.540', 'AA', 50.7828, 51.0840, 50.7828, 51.0840, 14420);
insert into price_point (ID, instant, stock, opn, high, low, cls, volume) values (623, '2019-07-02 09:45:00.000', 'AAPL', 109.3490, 111.5006, 108.3185, 111.2255, 94120);
insert into price_point (ID, instant, stock, opn, high, low, cls, volume) values (622, '2019-07-02 09:49:42.140', 'BOM', 63.1143, 64.4628, 62.8645, 64.4628, 52845);
insert into price_point (ID, instant, stock, opn, high, low, cls, volume) values (624, '2019-07-02 09:49:51.840', 'HON', 144.4372, 146.4339, 143.4170, 143.9880, 92265);
insert into price_point (ID, instant, stock, opn, high, low, cls, volume) values (625, '2019-07-02 09:49:57.420', 'MRK', 58.9837, 58.9837, 58.8346, 58.8346, 59472);
insert into price_point (ID, instant, stock, opn, high, low, cls, volume) values (626, '2019-07-02 09:49:58.540', 'AA', 51.1064, 51.2028, 51.1064, 51.2028, 20282);
insert into price_point (ID, instant, stock, opn, high, low, cls, volume) values (628, '2019-07-02 09:50:00.000', 'AAPL', 111.6367, 111.6367, 106.6478, 109.0631, 62977);
insert into price_point (ID, instant, stock, opn, high, low, cls, volume) values (627, '2019-07-02 09:54:42.140', 'BOM', 64.0491, 64.2719, 63.5855, 63.9912, 36353);
insert into price_point (ID, instant, stock, opn, high, low, cls, volume) values (629, '2019-07-02 09:54:51.840', 'HON', 145.1584, 147.1050, 143.3880, 145.8580, 42270);
insert into price_point (ID, instant, stock, opn, high, low, cls, volume) values (630, '2019-07-02 09:54:57.420', 'MRK', 58.8365, 59.0184, 58.8365, 59.0184, 32830);
insert into price_point (ID, instant, stock, opn, high, low, cls, volume) values (633, '2019-07-02 09:55:00.000', 'AAPL', 111.3631, 112.7750, 108.5361, 108.5361, 68304);
insert into price_point (ID, instant, stock, opn, high, low, cls, volume) values (632, '2019-07-02 09:59:42.140', 'BOM', 64.1616, 65.6249, 64.1616, 65.0210, 42606);
insert into price_point (ID, instant, stock, opn, high, low, cls, volume) values (634, '2019-07-02 09:59:51.840', 'HON', 146.8512, 147.1853, 145.0145, 146.6882, 35718);
insert into price_point (ID, instant, stock, opn, high, low, cls, volume) values (635, '2019-07-02 09:59:57.420', 'MRK', 59.0566, 59.5518, 59.0566, 59.5518, 33365);
insert into price_point (ID, instant, stock, opn, high, low, cls, volume) values (631, '2019-07-02 09:59:58.540', 'AA', 51.0593, 51.0593, 50.7389, 50.7389, 99252);
insert into price_point (ID, instant, stock, opn, high, low, cls, volume) values (637, '2019-07-02 10:00:00.000', 'AAPL', 108.6328, 109.7575, 103.7238, 104.1862, 61400);
insert into price_point (ID, instant, stock, opn, high, low, cls, volume) values (636, '2019-07-02 10:04:42.140', 'BOM', 64.6958, 64.6958, 62.7872, 62.7872, 25776);
insert into price_point (ID, instant, stock, opn, high, low, cls, volume) values (638, '2019-07-02 10:04:51.840', 'HON', 144.9638, 144.9638, 140.2307, 141.7146, 38884);
insert into price_point (ID, instant, stock, opn, high, low, cls, volume) values (639, '2019-07-02 10:04:57.420', 'MRK', 59.6227, 60.3826, 59.6227, 60.3826, 40381);
insert into price_point (ID, instant, stock, opn, high, low, cls, volume) values (640, '2019-07-02 10:04:58.540', 'AA', 50.6930, 50.6930, 50.2005, 50.2005, 26232);
insert into price_point (ID, instant, stock, opn, high, low, cls, volume) values (642, '2019-07-02 10:05:00.000', 'AAPL', 102.2410, 103.6052, 100.2944, 102.3399, 61105);
insert into price_point (ID, instant, stock, opn, high, low, cls, volume) values (641, '2019-07-02 10:09:42.140', 'BOM', 62.3087, 62.3087, 60.9561, 61.7014, 86165);
insert into price_point (ID, instant, stock, opn, high, low, cls, volume) values (643, '2019-07-02 10:09:51.840', 'HON', 139.7487, 144.7651, 138.9198, 143.5782, 70662);
insert into price_point (ID, instant, stock, opn, high, low, cls, volume) values (644, '2019-07-02 10:09:57.420', 'MRK', 60.4792, 61.4295, 60.4792, 61.4295, 58700);
insert into price_point (ID, instant, stock, opn, high, low, cls, volume) values (645, '2019-07-02 10:09:58.540', 'AA', 50.1378, 50.1378, 49.5201, 49.5201, 12604);
insert into price_point (ID, instant, stock, opn, high, low, cls, volume) values (647, '2019-07-02 10:10:00.000', 'AAPL', 101.8533, 101.8533, 98.2582, 100.1308, 54150);
insert into price_point (ID, instant, stock, opn, high, low, cls, volume) values (646, '2019-07-02 10:14:42.140', 'BOM', 62.1430, 62.1430, 60.7297, 62.1305, 5672);
insert into price_point (ID, instant, stock, opn, high, low, cls, volume) values (648, '2019-07-02 10:14:51.840', 'HON', 142.2051, 143.0931, 140.4975, 142.5990, 29352);
insert into price_point (ID, instant, stock, opn, high, low, cls, volume) values (649, '2019-07-02 10:14:57.420', 'MRK', 61.5423, 62.5900, 61.5423, 62.5900, 29322);
insert into price_point (ID, instant, stock, opn, high, low, cls, volume) values (650, '2019-07-02 10:14:58.540', 'AA', 49.4467, 49.4467, 48.7627, 48.7627, 74856);
insert into price_point (ID, instant, stock, opn, high, low, cls, volume) values (652, '2019-07-02 10:15:00.000', 'AAPL', 100.2924, 100.2924, 96.3798, 96.3798, 91735);
insert into price_point (ID, instant, stock, opn, high, low, cls, volume) values (651, '2019-07-02 10:19:42.140', 'BOM', 61.5572, 61.8986, 61.2029, 61.8986, 79749);
insert into price_point (ID, instant, stock, opn, high, low, cls, volume) values (653, '2019-07-02 10:19:51.840', 'HON', 142.6176, 142.8616, 139.7062, 139.7062, 27509);
insert into price_point (ID, instant, stock, opn, high, low, cls, volume) values (654, '2019-07-02 10:19:57.420', 'MRK', 62.7080, 63.7505, 62.7080, 63.7505, 57936);
insert into price_point (ID, instant, stock, opn, high, low, cls, volume) values (657, '2019-07-02 10:20:00.000', 'AAPL', 102.9082, 108.6406, 101.4771, 108.6406, 40711);
insert into price_point (ID, instant, stock, opn, high, low, cls, volume) values (656, '2019-07-02 10:24:42.140', 'BOM', 61.8558, 61.8558, 60.4321, 60.4321, 52350);
insert into price_point (ID, instant, stock, opn, high, low, cls, volume) values (658, '2019-07-02 10:24:51.840', 'HON', 137.9327, 140.3701, 135.9973, 135.9973, 33127);
insert into price_point (ID, instant, stock, opn, high, low, cls, volume) values (659, '2019-07-02 10:24:57.420', 'MRK', 63.8621, 64.7974, 63.8621, 64.7974, 17695);
insert into price_point (ID, instant, stock, opn, high, low, cls, volume) values (655, '2019-07-02 10:24:58.540', 'AA', 47.9261, 47.9261, 47.3036, 47.3036, 54180);
insert into price_point (ID, instant, stock, opn, high, low, cls, volume) values (662, '2019-07-02 10:25:00.000', 'AAPL', 110.3586, 110.3586, 102.1408, 102.1408, 58905);
insert into price_point (ID, instant, stock, opn, high, low, cls, volume) values (661, '2019-07-02 10:29:42.140', 'BOM', 59.9183, 60.4432, 59.0969, 60.1946, 89355);
insert into price_point (ID, instant, stock, opn, high, low, cls, volume) values (663, '2019-07-02 10:29:51.840', 'HON', 135.0283, 143.9685, 133.6186, 141.9266, 77204);
insert into price_point (ID, instant, stock, opn, high, low, cls, volume) values (664, '2019-07-02 10:29:57.420', 'MRK', 64.8917, 65.6282, 64.8917, 65.6282, 24824);
insert into price_point (ID, instant, stock, opn, high, low, cls, volume) values (660, '2019-07-02 10:29:58.540', 'AA', 47.2402, 47.2402, 46.7386, 46.7386, 87336);
insert into price_point (ID, instant, stock, opn, high, low, cls, volume) values (666, '2019-07-02 10:30:00.000', 'AAPL', 101.6635, 101.9209, 96.2806, 98.0232, 81551);
insert into price_point (ID, instant, stock, opn, high, low, cls, volume) values (665, '2019-07-02 10:34:42.140', 'BOM', 60.1151, 60.1730, 59.1020, 59.1020, 53694);
insert into price_point (ID, instant, stock, opn, high, low, cls, volume) values (667, '2019-07-02 10:34:51.840', 'HON', 140.6790, 144.9285, 140.6790, 144.9285, 41977);
insert into price_point (ID, instant, stock, opn, high, low, cls, volume) values (668, '2019-07-02 10:34:57.420', 'MRK', 65.6960, 66.1616, 65.6960, 66.1616, 91845);
insert into price_point (ID, instant, stock, opn, high, low, cls, volume) values (669, '2019-07-02 10:34:58.540', 'AA', 46.6914, 46.6914, 46.3564, 46.3564, 61524);
insert into price_point (ID, instant, stock, opn, high, low, cls, volume) values (671, '2019-07-02 10:35:00.000', 'AAPL', 98.4027, 98.8256, 96.3155, 98.8256, 78746);
insert into price_point (ID, instant, stock, opn, high, low, cls, volume) values (670, '2019-07-02 10:39:42.140', 'BOM', 58.5442, 59.2320, 57.5017, 57.5017, 32387);
insert into price_point (ID, instant, stock, opn, high, low, cls, volume) values (672, '2019-07-02 10:39:51.840', 'HON', 144.5889, 146.5570, 144.5889, 145.1347, 43984);
insert into price_point (ID, instant, stock, opn, high, low, cls, volume) values (673, '2019-07-02 10:39:57.420', 'MRK', 66.1963, 66.3454, 66.1963, 66.3454, 42124);
insert into price_point (ID, instant, stock, opn, high, low, cls, volume) values (674, '2019-07-02 10:39:58.540', 'AA', 46.3297, 46.3297, 46.1902, 46.1902, 88170);
insert into price_point (ID, instant, stock, opn, high, low, cls, volume) values (676, '2019-07-02 10:40:00.000', 'AAPL', 97.7327, 98.4062, 95.6955, 96.2425, 72800);
insert into price_point (ID, instant, stock, opn, high, low, cls, volume) values (675, '2019-07-02 10:44:42.140', 'BOM', 57.8922, 58.7849, 57.8922, 58.7849, 41186);
insert into price_point (ID, instant, stock, opn, high, low, cls, volume) values (677, '2019-07-02 10:44:51.840', 'HON', 147.0041, 150.9568, 145.8384, 150.9568, 16794);
insert into price_point (ID, instant, stock, opn, high, low, cls, volume) values (678, '2019-07-02 10:44:57.420', 'MRK', 66.3435, 66.3435, 66.1616, 66.1616, 39294);
insert into price_point (ID, instant, stock, opn, high, low, cls, volume) values (679, '2019-07-02 10:44:58.540', 'AA', 46.1861, 46.2514, 46.1842, 46.2514, 96054);
insert into price_point (ID, instant, stock, opn, high, low, cls, volume) values (681, '2019-07-02 10:45:00.000', 'AAPL', 96.6948, 106.6204, 95.4541, 106.3966, 48729);
insert into price_point (ID, instant, stock, opn, high, low, cls, volume) values (680, '2019-07-02 10:49:42.140', 'BOM', 58.7245, 60.5688, 58.7245, 60.5688, 75730);
insert into price_point (ID, instant, stock, opn, high, low, cls, volume) values (682, '2019-07-02 10:49:51.840', 'HON', 151.7453, 151.7453, 148.5327, 148.9281, 79066);
insert into price_point (ID, instant, stock, opn, high, low, cls, volume) values (683, '2019-07-02 10:49:57.420', 'MRK', 66.1234, 66.1234, 65.6282, 65.6282, 78466);
insert into price_point (ID, instant, stock, opn, high, low, cls, volume) values (686, '2019-07-02 10:50:00.000', 'AAPL', 106.8742, 109.4817, 106.8742, 107.1809, 39949);
insert into price_point (ID, instant, stock, opn, high, low, cls, volume) values (685, '2019-07-02 10:54:42.140', 'BOM', 60.5783, 60.5783, 57.6694, 57.9227, 55726);
insert into price_point (ID, instant, stock, opn, high, low, cls, volume) values (687, '2019-07-02 10:54:51.840', 'HON', 150.4577, 150.4577, 145.9605, 149.1681, 99142);
insert into price_point (ID, instant, stock, opn, high, low, cls, volume) values (688, '2019-07-02 10:54:57.420', 'MRK', 65.5573, 65.5573, 64.7974, 64.7974, 6380);
insert into price_point (ID, instant, stock, opn, high, low, cls, volume) values (684, '2019-07-02 10:54:58.540', 'AA', 46.5676, 46.9903, 46.5676, 46.9903, 57756);
insert into price_point (ID, instant, stock, opn, high, low, cls, volume) values (690, '2019-07-02 10:55:00.000', 'AAPL', 109.1068, 113.2651, 102.4362, 102.4362, 78357);
insert into price_point (ID, instant, stock, opn, high, low, cls, volume) values (689, '2019-07-02 10:59:42.140', 'BOM', 57.6676, 59.7164, 57.3313, 59.7164, 83432);
insert into price_point (ID, instant, stock, opn, high, low, cls, volume) values (691, '2019-07-02 10:59:51.840', 'HON', 148.6727, 148.6727, 145.0783, 147.6373, 11743);
insert into price_point (ID, instant, stock, opn, high, low, cls, volume) values (692, '2019-07-02 10:59:57.420', 'MRK', 64.7008, 64.7008, 63.7505, 63.7505, 71357);
insert into price_point (ID, instant, stock, opn, high, low, cls, volume) values (693, '2019-07-02 10:59:58.540', 'AA', 47.0447, 47.5841, 47.0447, 47.5841, 21675);
insert into price_point (ID, instant, stock, opn, high, low, cls, volume) values (695, '2019-07-02 11:00:00.000', 'AAPL', 103.8055, 110.6403, 103.6191, 110.6403, 21153);
insert into price_point (ID, instant, stock, opn, high, low, cls, volume) values (694, '2019-07-02 11:04:42.140', 'BOM', 59.4935, 60.8249, 59.4935, 60.8249, 68376);
insert into price_point (ID, instant, stock, opn, high, low, cls, volume) values (696, '2019-07-02 11:04:51.840', 'HON', 146.6124, 146.6124, 142.9356, 143.9204, 14231);
insert into price_point (ID, instant, stock, opn, high, low, cls, volume) values (697, '2019-07-02 11:04:57.420', 'MRK', 63.6377, 63.6377, 62.5900, 62.5900, 56631);
insert into price_point (ID, instant, stock, opn, high, low, cls, volume) values (698, '2019-07-02 11:04:58.540', 'AA', 47.6484, 48.2460, 47.6484, 48.2460, 94718);
insert into price_point (ID, instant, stock, opn, high, low, cls, volume) values (700, '2019-07-02 11:05:00.000', 'AAPL', 110.2657, 114.0072, 110.2657, 113.6331, 26544);
insert into price_point (ID, instant, stock, opn, high, low, cls, volume) values (699, '2019-07-02 11:09:42.140', 'BOM', 60.7538, 61.7928, 60.7306, 61.3774, 91762);
insert into price_point (ID, instant, stock, opn, high, low, cls, volume) values (701, '2019-07-02 11:09:51.840', 'HON', 143.5277, 146.6310, 143.5277, 146.1685, 35917);
insert into price_point (ID, instant, stock, opn, high, low, cls, volume) values (702, '2019-07-02 11:09:57.420', 'MRK', 62.4720, 62.4720, 61.4295, 61.4295, 23024);
insert into price_point (ID, instant, stock, opn, high, low, cls, volume) values (705, '2019-07-02 11:10:00.000', 'AAPL', 111.9914, 115.0487, 108.9876, 108.9876, 11768);
insert into price_point (ID, instant, stock, opn, high, low, cls, volume) values (704, '2019-07-02 11:14:42.140', 'BOM', 62.0438, 63.2959, 61.4411, 61.4411, 10771);
insert into price_point (ID, instant, stock, opn, high, low, cls, volume) values (706, '2019-07-02 11:14:51.840', 'HON', 148.5263, 148.5263, 145.3524, 145.5020, 55876);
insert into price_point (ID, instant, stock, opn, high, low, cls, volume) values (707, '2019-07-02 11:14:57.420', 'MRK', 61.3179, 61.3179, 60.3826, 60.3826, 15696);
insert into price_point (ID, instant, stock, opn, high, low, cls, volume) values (703, '2019-07-02 11:14:58.540', 'AA', 48.9675, 49.4885, 48.9675, 49.4885, 59906);
insert into price_point (ID, instant, stock, opn, high, low, cls, volume) values (709, '2019-07-02 11:15:00.000', 'AAPL', 109.2995, 111.2965, 103.6373, 103.6373, 36698);
insert into price_point (ID, instant, stock, opn, high, low, cls, volume) values (708, '2019-07-02 11:19:42.140', 'BOM', 61.1532, 61.3302, 60.1504, 61.3302, 58676);
insert into price_point (ID, instant, stock, opn, high, low, cls, volume) values (710, '2019-07-02 11:19:51.840', 'HON', 146.1165, 146.7963, 143.3958, 143.3958, 75357);
insert into price_point (ID, instant, stock, opn, high, low, cls, volume) values (711, '2019-07-02 11:19:57.420', 'MRK', 60.2883, 60.2883, 59.5518, 59.5518, 73820);
insert into price_point (ID, instant, stock, opn, high, low, cls, volume) values (712, '2019-07-02 11:19:58.540', 'AA', 49.5402, 49.9334, 49.5402, 49.9334, 45015);
insert into price_point (ID, instant, stock, opn, high, low, cls, volume) values (714, '2019-07-02 11:20:00.000', 'AAPL', 103.1972, 105.4177, 100.7920, 104.9475, 30919);
insert into price_point (ID, instant, stock, opn, high, low, cls, volume) values (713, '2019-07-02 11:24:42.140', 'BOM', 61.3145, 61.4247, 59.7525, 59.9178, 36520);
insert into price_point (ID, instant, stock, opn, high, low, cls, volume) values (715, '2019-07-02 11:24:51.840', 'HON', 144.9228, 146.5772, 144.3175, 145.9526, 7681);
insert into price_point (ID, instant, stock, opn, high, low, cls, volume) values (716, '2019-07-02 11:24:57.420', 'MRK', 59.4840, 59.4840, 59.0184, 59.0184, 94749);
insert into price_point (ID, instant, stock, opn, high, low, cls, volume) values (717, '2019-07-02 11:24:58.540', 'AA', 49.9681, 50.1881, 49.9681, 50.1881, 96354);
insert into price_point (ID, instant, stock, opn, high, low, cls, volume) values (719, '2019-07-02 11:25:00.000', 'AAPL', 104.8363, 104.9263, 102.8065, 103.1755, 35508);
insert into price_point (ID, instant, stock, opn, high, low, cls, volume) values (718, '2019-07-02 11:29:42.140', 'BOM', 59.9398, 61.4856, 59.9398, 60.9047, 35686);
insert into price_point (ID, instant, stock, opn, high, low, cls, volume) values (720, '2019-07-02 11:29:51.840', 'HON', 145.7002, 147.6428, 141.8265, 141.8265, 60766);
insert into price_point (ID, instant, stock, opn, high, low, cls, volume) values (721, '2019-07-02 11:29:57.420', 'MRK', 58.9837, 58.9837, 58.8346, 58.8346, 95470);
insert into price_point (ID, instant, stock, opn, high, low, cls, volume) values (724, '2019-07-02 11:30:00.000', 'AAPL', 101.8439, 102.9960, 100.9552, 102.9960, 16858);
insert into price_point (ID, instant, stock, opn, high, low, cls, volume) values (723, '2019-07-02 11:34:42.140', 'BOM', 60.5703, 60.5705, 60.0037, 60.0037, 63489);
insert into price_point (ID, instant, stock, opn, high, low, cls, volume) values (725, '2019-07-02 11:34:51.840', 'HON', 141.2399, 149.1166, 139.0920, 148.3349, 36971);
insert into price_point (ID, instant, stock, opn, high, low, cls, volume) values (726, '2019-07-02 11:34:57.420', 'MRK', 58.8365, 59.0184, 58.8365, 59.0184, 93592);
insert into price_point (ID, instant, stock, opn, high, low, cls, volume) values (722, '2019-07-02 11:34:58.540', 'AA', 50.2103, 50.2103, 50.0182, 50.0182, 7160);
insert into price_point (ID, instant, stock, opn, high, low, cls, volume) values (728, '2019-07-02 11:35:00.000', 'AAPL', 102.6741, 106.1798, 101.5590, 106.1798, 97446);
insert into price_point (ID, instant, stock, opn, high, low, cls, volume) values (727, '2019-07-02 11:39:42.140', 'BOM', 60.0011, 60.0011, 58.6880, 59.6680, 81167);
insert into price_point (ID, instant, stock, opn, high, low, cls, volume) values (729, '2019-07-02 11:39:51.840', 'HON', 148.2260, 148.5415, 146.7627, 147.4442, 14853);
insert into price_point (ID, instant, stock, opn, high, low, cls, volume) values (730, '2019-07-02 11:39:57.420', 'MRK', 59.0566, 59.5518, 59.0566, 59.5518, 27164);
insert into price_point (ID, instant, stock, opn, high, low, cls, volume) values (731, '2019-07-02 11:39:58.540', 'AA', 49.9854, 49.9854, 49.5943, 49.5943, 4401);
insert into price_point (ID, instant, stock, opn, high, low, cls, volume) values (733, '2019-07-02 11:40:00.000', 'AAPL', 105.4887, 105.4887, 98.4523, 101.5878, 3935);
insert into price_point (ID, instant, stock, opn, high, low, cls, volume) values (732, '2019-07-02 11:44:42.140', 'BOM', 59.9974, 61.2383, 59.9974, 60.2461, 57844);
insert into price_point (ID, instant, stock, opn, high, low, cls, volume) values (734, '2019-07-02 11:44:51.840', 'HON', 148.5067, 150.5188, 148.4870, 149.9790, 33170);
insert into price_point (ID, instant, stock, opn, high, low, cls, volume) values (735, '2019-07-02 11:44:57.420', 'MRK', 59.6227, 60.3826, 59.6227, 60.3826, 54168);
insert into price_point (ID, instant, stock, opn, high, low, cls, volume) values (736, '2019-07-02 11:44:58.540', 'AA', 49.5408, 49.5408, 48.9816, 48.9816, 29495);
insert into price_point (ID, instant, stock, opn, high, low, cls, volume) values (738, '2019-07-02 11:45:00.000', 'AAPL', 100.0068, 102.6509, 95.8832, 101.9721, 40799);
insert into price_point (ID, instant, stock, opn, high, low, cls, volume) values (737, '2019-07-02 11:49:42.140', 'BOM', 60.1817, 60.6272, 59.8643, 59.8864, 61099);
insert into price_point (ID, instant, stock, opn, high, low, cls, volume) values (739, '2019-07-02 11:49:51.840', 'HON', 147.7220, 150.5699, 147.7220, 149.1623, 95353);
insert into price_point (ID, instant, stock, opn, high, low, cls, volume) values (740, '2019-07-02 11:49:57.420', 'MRK', 60.4792, 61.4295, 60.4792, 61.4295, 13754);
insert into price_point (ID, instant, stock, opn, high, low, cls, volume) values (743, '2019-07-02 11:50:00.000', 'AAPL', 101.6069, 103.1338, 98.8815, 101.5701, 91403);
insert into price_point (ID, instant, stock, opn, high, low, cls, volume) values (742, '2019-07-02 11:54:42.140', 'BOM', 59.2744, 59.2744, 57.1278, 57.1278, 96725);
insert into price_point (ID, instant, stock, opn, high, low, cls, volume) values (744, '2019-07-02 11:54:51.840', 'HON', 148.6617, 151.9638, 148.6617, 149.7953, 40409);
insert into price_point (ID, instant, stock, opn, high, low, cls, volume) values (745, '2019-07-02 11:54:57.420', 'MRK', 61.5423, 62.5900, 61.5423, 62.5900, 93829);
insert into price_point (ID, instant, stock, opn, high, low, cls, volume) values (741, '2019-07-02 11:54:58.540', 'AA', 48.1517, 48.1517, 47.4100, 47.4100, 46704);
insert into price_point (ID, instant, stock, opn, high, low, cls, volume) values (748, '2019-07-02 11:55:00.000', 'AAPL', 103.1881, 105.3108, 102.0129, 103.7382, 82827);
insert into price_point (ID, instant, stock, opn, high, low, cls, volume) values (747, '2019-07-02 11:59:42.140', 'BOM', 57.0049, 57.0213, 56.2871, 57.0213, 36209);
insert into price_point (ID, instant, stock, opn, high, low, cls, volume) values (749, '2019-07-02 11:59:51.840', 'HON', 150.1682, 151.5776, 140.7287, 140.7287, 9017);
insert into price_point (ID, instant, stock, opn, high, low, cls, volume) values (750, '2019-07-02 11:59:57.420', 'MRK', 62.7080, 63.7505, 62.7080, 63.7505, 12185);
insert into price_point (ID, instant, stock, opn, high, low, cls, volume) values (746, '2019-07-02 11:59:58.540', 'AA', 47.3266, 47.3266, 46.5882, 46.5882, 98084);
insert into price_point (ID, instant, stock, opn, high, low, cls, volume) values (752, '2019-07-02 12:00:00.000', 'AAPL', 103.8779, 111.8688, 103.0316, 110.7200, 18580);
insert into price_point (ID, instant, stock, opn, high, low, cls, volume) values (751, '2019-07-02 12:04:42.140', 'BOM', 56.3357, 56.4040, 55.9628, 56.3356, 36213);
insert into price_point (ID, instant, stock, opn, high, low, cls, volume) values (753, '2019-07-02 12:04:51.840', 'HON', 139.8830, 143.4144, 139.8655, 140.6101, 15924);
insert into price_point (ID, instant, stock, opn, high, low, cls, volume) values (754, '2019-07-02 12:04:57.420', 'MRK', 63.8621, 64.7974, 63.8621, 64.7974, 61025);
insert into price_point (ID, instant, stock, opn, high, low, cls, volume) values (755, '2019-07-02 12:04:58.540', 'AA', 46.5088, 46.5088, 45.8384, 45.8384, 98483);
insert into price_point (ID, instant, stock, opn, high, low, cls, volume) values (757, '2019-07-02 12:05:00.000', 'AAPL', 109.4716, 112.1500, 105.1824, 105.6970, 55948);
insert into price_point (ID, instant, stock, opn, high, low, cls, volume) values (756, '2019-07-02 12:09:42.140', 'BOM', 55.8808, 55.8808, 54.2322, 54.2322, 57406);
insert into price_point (ID, instant, stock, opn, high, low, cls, volume) values (758, '2019-07-02 12:09:51.840', 'HON', 141.5341, 143.8649, 141.4945, 142.1933, 98502);
insert into price_point (ID, instant, stock, opn, high, low, cls, volume) values (759, '2019-07-02 12:09:57.420', 'MRK', 64.8917, 65.6282, 64.8917, 65.6282, 16320);
insert into price_point (ID, instant, stock, opn, high, low, cls, volume) values (760, '2019-07-02 12:09:58.540', 'AA', 45.7700, 45.7700, 45.2257, 45.2257, 23622);
insert into price_point (ID, instant, stock, opn, high, low, cls, volume) values (762, '2019-07-02 12:10:00.000', 'AAPL', 105.6847, 106.7421, 97.7304, 97.7304, 95474);
insert into price_point (ID, instant, stock, opn, high, low, cls, volume) values (761, '2019-07-02 12:14:42.140', 'BOM', 53.7420, 53.7420, 51.8966, 51.9421, 97503);
insert into price_point (ID, instant, stock, opn, high, low, cls, volume) values (763, '2019-07-02 12:14:51.840', 'HON', 144.2185, 144.6500, 141.3417, 144.5567, 17204);
insert into price_point (ID, instant, stock, opn, high, low, cls, volume) values (764, '2019-07-02 12:14:57.420', 'MRK', 65.6960, 66.1616, 65.6960, 66.1616, 11896);
insert into price_point (ID, instant, stock, opn, high, low, cls, volume) values (765, '2019-07-02 12:14:58.540', 'AA', 45.1741, 45.1741, 44.8018, 44.8018, 98450);
insert into price_point (ID, instant, stock, opn, high, low, cls, volume) values (767, '2019-07-02 12:15:00.000', 'AAPL', 99.3550, 106.1715, 97.7761, 104.0889, 75194);
insert into price_point (ID, instant, stock, opn, high, low, cls, volume) values (766, '2019-07-02 12:19:42.140', 'BOM', 52.4678, 53.0634, 52.0493, 52.7732, 69035);
insert into price_point (ID, instant, stock, opn, high, low, cls, volume) values (768, '2019-07-02 12:19:51.840', 'HON', 143.7999, 143.8531, 141.1569, 142.1766, 42030);
insert into price_point (ID, instant, stock, opn, high, low, cls, volume) values (769, '2019-07-02 12:19:57.420', 'MRK', 66.1963, 66.3454, 66.1963, 66.3454, 55899);
insert into price_point (ID, instant, stock, opn, high, low, cls, volume) values (770, '2019-07-02 12:19:58.540', 'AA', 44.7713, 44.7713, 44.6000, 44.6000, 51654);
insert into price_point (ID, instant, stock, opn, high, low, cls, volume) values (772, '2019-07-02 12:20:00.000', 'AAPL', 103.7620, 104.0706, 101.4027, 101.9159, 30567);
insert into price_point (ID, instant, stock, opn, high, low, cls, volume) values (771, '2019-07-02 12:24:42.140', 'BOM', 53.2682, 53.2682, 51.8902, 52.4526, 89048);
insert into price_point (ID, instant, stock, opn, high, low, cls, volume) values (773, '2019-07-02 12:24:51.840', 'HON', 142.5814, 144.8297, 141.5691, 142.6467, 73930);
insert into price_point (ID, instant, stock, opn, high, low, cls, volume) values (774, '2019-07-02 12:24:57.420', 'MRK', 66.3435, 66.3435, 66.1616, 66.1616, 15393);
insert into price_point (ID, instant, stock, opn, high, low, cls, volume) values (775, '2019-07-02 12:24:58.540', 'AA', 44.5927, 44.6319, 44.5848, 44.6319, 10648);
insert into price_point (ID, instant, stock, opn, high, low, cls, volume) values (777, '2019-07-02 12:25:00.000', 'AAPL', 101.9080, 101.9080, 99.4314, 101.0120, 68118);
insert into price_point (ID, instant, stock, opn, high, low, cls, volume) values (776, '2019-07-02 12:29:42.140', 'BOM', 52.6213, 53.3093, 51.9400, 53.0582, 93742);
insert into price_point (ID, instant, stock, opn, high, low, cls, volume) values (778, '2019-07-02 12:29:51.840', 'HON', 143.1870, 146.8640, 143.1870, 144.0483, 60259);
insert into price_point (ID, instant, stock, opn, high, low, cls, volume) values (779, '2019-07-02 12:29:57.420', 'MRK', 66.1234, 66.1234, 65.6282, 65.6282, 76208);
insert into price_point (ID, instant, stock, opn, high, low, cls, volume) values (780, '2019-07-02 12:29:58.540', 'AA', 44.6478, 44.8866, 44.6478, 44.8866, 80982);
insert into price_point (ID, instant, stock, opn, high, low, cls, volume) values (782, '2019-07-02 12:30:00.000', 'AAPL', 100.0521, 107.9848, 100.0521, 107.9848, 94749);
insert into price_point (ID, instant, stock, opn, high, low, cls, volume) values (781, '2019-07-02 12:34:42.140', 'BOM', 52.9421, 54.7650, 52.3950, 54.7650, 15297);
insert into price_point (ID, instant, stock, opn, high, low, cls, volume) values (783, '2019-07-02 12:34:51.840', 'HON', 145.1999, 147.6513, 145.1999, 147.6315, 77213);
insert into price_point (ID, instant, stock, opn, high, low, cls, volume) values (784, '2019-07-02 12:34:57.420', 'MRK', 65.5573, 65.5573, 64.7974, 64.7974, 19340);
insert into price_point (ID, instant, stock, opn, high, low, cls, volume) values (785, '2019-07-02 12:34:58.540', 'AA', 44.9233, 45.3315, 44.9233, 45.3315, 15474);
insert into price_point (ID, instant, stock, opn, high, low, cls, volume) values (787, '2019-07-02 12:35:00.000', 'AAPL', 108.6643, 109.3031, 106.2792, 106.2792, 76381);
insert into price_point (ID, instant, stock, opn, high, low, cls, volume) values (786, '2019-07-02 12:39:42.140', 'BOM', 54.6931, 55.9689, 54.6931, 55.9689, 95305);
insert into price_point (ID, instant, stock, opn, high, low, cls, volume) values (788, '2019-07-02 12:39:51.840', 'HON', 148.3757, 149.2420, 143.4553, 143.4553, 12573);
insert into price_point (ID, instant, stock, opn, high, low, cls, volume) values (789, '2019-07-02 12:39:57.420', 'MRK', 64.7008, 64.7008, 63.7505, 63.7505, 87886);
insert into price_point (ID, instant, stock, opn, high, low, cls, volume) values (790, '2019-07-02 12:39:58.540', 'AA', 45.3846, 45.9154, 45.3846, 45.9154, 16628);
insert into price_point (ID, instant, stock, opn, high, low, cls, volume) values (792, '2019-07-02 12:40:00.000', 'AAPL', 105.0492, 112.6683, 105.0492, 111.2638, 79047);
insert into price_point (ID, instant, stock, opn, high, low, cls, volume) values (791, '2019-07-02 12:44:42.140', 'BOM', 56.6318, 57.6407, 56.3318, 57.3674, 34559);
insert into price_point (ID, instant, stock, opn, high, low, cls, volume) values (793, '2019-07-02 12:44:51.840', 'HON', 143.4806, 143.4806, 140.8107, 142.5133, 51915);
insert into price_point (ID, instant, stock, opn, high, low, cls, volume) values (794, '2019-07-02 12:44:57.420', 'MRK', 63.6377, 63.6377, 62.5900, 62.5900, 57065);
insert into price_point (ID, instant, stock, opn, high, low, cls, volume) values (797, '2019-07-02 12:45:00.000', 'AAPL', 111.4945, 112.6986, 106.5952, 109.0274, 86016);
insert into price_point (ID, instant, stock, opn, high, low, cls, volume) values (796, '2019-07-02 12:49:42.140', 'BOM', 57.0335, 57.0568, 56.0473, 56.8359, 4968);
insert into price_point (ID, instant, stock, opn, high, low, cls, volume) values (798, '2019-07-02 12:49:51.840', 'HON', 141.9436, 144.1788, 139.1448, 143.2598, 86588);
insert into price_point (ID, instant, stock, opn, high, low, cls, volume) values (799, '2019-07-02 12:49:57.420', 'MRK', 62.4720, 62.4720, 61.4295, 61.4295, 28671);
insert into price_point (ID, instant, stock, opn, high, low, cls, volume) values (795, '2019-07-02 12:49:58.540', 'AA', 46.6412, 47.2359, 46.6412, 47.2359, 81898);
insert into price_point (ID, instant, stock, opn, high, low, cls, volume) values (801, '2019-07-02 12:50:00.000', 'AAPL', 110.9354, 113.5326, 109.9239, 113.5326, 92299);
insert into price_point (ID, instant, stock, opn, high, low, cls, volume) values (800, '2019-07-02 12:54:42.140', 'BOM', 56.7603, 56.7603, 55.9992, 56.7199, 11133);
insert into price_point (ID, instant, stock, opn, high, low, cls, volume) values (802, '2019-07-02 12:54:51.840', 'HON', 142.6088, 145.4419, 142.4454, 143.8786, 92946);
insert into price_point (ID, instant, stock, opn, high, low, cls, volume) values (803, '2019-07-02 12:54:57.420', 'MRK', 61.3179, 61.3179, 60.3826, 60.3826, 29629);
insert into price_point (ID, instant, stock, opn, high, low, cls, volume) values (806, '2019-07-02 12:55:00.000', 'AAPL', 113.5495, 113.5495, 106.9469, 108.2594, 30187);
insert into price_point (ID, instant, stock, opn, high, low, cls, volume) values (805, '2019-07-02 12:59:42.140', 'BOM', 56.2620, 58.2618, 56.2620, 58.2618, 69086);
insert into price_point (ID, instant, stock, opn, high, low, cls, volume) values (807, '2019-07-02 12:59:51.840', 'HON', 145.6035, 150.7306, 145.6035, 150.7306, 35011);
insert into price_point (ID, instant, stock, opn, high, low, cls, volume) values (808, '2019-07-02 12:59:57.420', 'MRK', 60.2883, 60.2883, 59.5518, 59.5518, 64374);
insert into price_point (ID, instant, stock, opn, high, low, cls, volume) values (804, '2019-07-02 12:59:58.540', 'AA', 47.8828, 48.2910, 47.8828, 48.2910, 81584);
insert into price_point (ID, instant, stock, opn, high, low, cls, volume) values (810, '2019-07-02 01:00:00.000', 'AAPL', 110.3059, 110.6836, 106.8746, 106.8746, 66276);
insert into price_point (ID, instant, stock, opn, high, low, cls, volume) values (809, '2019-07-02 01:04:42.140', 'BOM', 57.8238, 58.7306, 57.2871, 58.7306, 68457);
insert into price_point (ID, instant, stock, opn, high, low, cls, volume) values (811, '2019-07-02 01:04:51.840', 'HON', 150.7203, 150.7203, 144.4616, 144.4616, 96187);
insert into price_point (ID, instant, stock, opn, high, low, cls, volume) values (812, '2019-07-02 01:04:57.420', 'MRK', 59.4840, 59.4840, 59.0184, 59.0184, 67132);
insert into price_point (ID, instant, stock, opn, high, low, cls, volume) values (814, '2019-07-02 01:09:42.140', 'BOM', 59.3039, 59.3098, 58.4272, 58.7986, 75822);
insert into price_point (ID, instant, stock, opn, high, low, cls, volume) values (816, '2019-07-02 01:09:51.840', 'HON', 144.4761, 146.6805, 143.3611, 143.3611, 60543);
insert into price_point (ID, instant, stock, opn, high, low, cls, volume) values (817, '2019-07-02 01:09:57.420', 'MRK', 58.9837, 58.9837, 58.8346, 58.8346, 10143);
insert into price_point (ID, instant, stock, opn, high, low, cls, volume) values (813, '2019-07-02 01:09:58.540', 'AA', 48.5848, 48.6358, 48.5848, 48.6298, 45540);
insert into price_point (ID, instant, stock, opn, high, low, cls, volume) values (815, '2019-07-02 01:10:00.000', 'AAPL', 108.3766, 108.3766, 106.5045, 106.7169, 26605);
insert into price_point (ID, instant, stock, opn, high, low, cls, volume) values (819, '2019-07-02 01:14:42.140', 'BOM', 59.3207, 59.3207, 57.2897, 57.2897, 24380);
insert into price_point (ID, instant, stock, opn, high, low, cls, volume) values (820, '2019-07-02 01:14:51.840', 'HON', 143.2147, 143.2147, 139.9267, 140.7858, 38052);
insert into price_point (ID, instant, stock, opn, high, low, cls, volume) values (821, '2019-07-02 01:14:57.420', 'MRK', 58.8365, 59.0184, 58.8365, 59.0184, 24774);
insert into price_point (ID, instant, stock, opn, high, low, cls, volume) values (818, '2019-07-02 01:14:58.540', 'AA', 48.6234, 48.6234, 48.4636, 48.4636, 79200);
insert into price_point (ID, instant, stock, opn, high, low, cls, volume) values (824, '2019-07-02 01:15:00.000', 'AAPL', 105.8562, 107.3041, 104.8212, 107.3041, 65131);
insert into price_point (ID, instant, stock, opn, high, low, cls, volume) values (823, '2019-07-02 01:19:42.140', 'BOM', 57.2306, 57.2306, 55.8475, 55.8796, 46504);
insert into price_point (ID, instant, stock, opn, high, low, cls, volume) values (825, '2019-07-02 01:19:51.840', 'HON', 139.6387, 143.3947, 139.6387, 141.5226, 58020);
insert into price_point (ID, instant, stock, opn, high, low, cls, volume) values (826, '2019-07-02 01:19:57.420', 'MRK', 59.0566, 59.5518, 59.0566, 59.5518, 82229);
insert into price_point (ID, instant, stock, opn, high, low, cls, volume) values (822, '2019-07-02 01:19:58.540', 'AA', 48.4347, 48.4347, 48.0814, 48.0814, 28771);
insert into price_point (ID, instant, stock, opn, high, low, cls, volume) values (828, '2019-07-02 01:20:00.000', 'AAPL', 106.0031, 106.0031, 101.3282, 101.9484, 43322);
insert into price_point (ID, instant, stock, opn, high, low, cls, volume) values (827, '2019-07-02 01:24:42.140', 'BOM', 56.0428, 57.0792, 55.9015, 56.6759, 37033);
insert into price_point (ID, instant, stock, opn, high, low, cls, volume) values (829, '2019-07-02 01:24:51.840', 'HON', 143.3058, 144.3412, 140.3826, 141.8599, 42651);
insert into price_point (ID, instant, stock, opn, high, low, cls, volume) values (830, '2019-07-02 01:24:57.420', 'MRK', 59.6227, 60.3826, 59.6227, 60.3826, 74830);
insert into price_point (ID, instant, stock, opn, high, low, cls, volume) values (831, '2019-07-02 01:24:58.540', 'AA', 48.0324, 48.0324, 47.5164, 47.5164, 39944);
insert into price_point (ID, instant, stock, opn, high, low, cls, volume) values (833, '2019-07-02 01:25:00.000', 'AAPL', 103.4223, 105.0189, 102.6305, 103.8472, 3276);
insert into price_point (ID, instant, stock, opn, high, low, cls, volume) values (832, '2019-07-02 01:29:42.140', 'BOM', 57.1402, 57.1837, 56.0457, 56.5063, 78099);
insert into price_point (ID, instant, stock, opn, high, low, cls, volume) values (834, '2019-07-02 01:29:51.840', 'HON', 142.0658, 144.9812, 142.0658, 142.3753, 84899);
insert into price_point (ID, instant, stock, opn, high, low, cls, volume) values (835, '2019-07-02 01:29:57.420', 'MRK', 60.4792, 61.4295, 60.4792, 61.4295, 62259);
insert into price_point (ID, instant, stock, opn, high, low, cls, volume) values (836, '2019-07-02 01:29:58.540', 'AA', 47.4517, 47.4517, 46.8201, 46.8201, 60635);
insert into price_point (ID, instant, stock, opn, high, low, cls, volume) values (838, '2019-07-02 01:30:00.000', 'AAPL', 102.4238, 104.9541, 95.6496, 104.9541, 53857);
insert into price_point (ID, instant, stock, opn, high, low, cls, volume) values (837, '2019-07-02 01:34:42.140', 'BOM', 56.9167, 56.9167, 54.1228, 54.1228, 53151);
insert into price_point (ID, instant, stock, opn, high, low, cls, volume) values (839, '2019-07-02 01:34:51.840', 'HON', 144.4010, 148.2647, 144.1355, 146.6646, 13055);
insert into price_point (ID, instant, stock, opn, high, low, cls, volume) values (840, '2019-07-02 01:34:57.420', 'MRK', 61.5423, 62.5900, 61.5423, 62.5900, 67327);
insert into price_point (ID, instant, stock, opn, high, low, cls, volume) values (843, '2019-07-02 01:35:00.000', 'AAPL', 105.3474, 107.0531, 102.2304, 103.9055, 92682);
insert into price_point (ID, instant, stock, opn, high, low, cls, volume) values (842, '2019-07-02 01:39:42.140', 'BOM', 54.1476, 54.4048, 53.0385, 53.0385, 51914);
insert into price_point (ID, instant, stock, opn, high, low, cls, volume) values (844, '2019-07-02 01:39:51.840', 'HON', 144.8175, 145.7883, 141.1519, 141.1519, 21454);
insert into price_point (ID, instant, stock, opn, high, low, cls, volume) values (845, '2019-07-02 01:39:57.420', 'MRK', 62.7080, 63.7505, 62.7080, 63.7505, 34498);
insert into price_point (ID, instant, stock, opn, high, low, cls, volume) values (841, '2019-07-02 01:39:58.540', 'AA', 45.9801, 45.9801, 45.2999, 45.2999, 92135);
insert into price_point (ID, instant, stock, opn, high, low, cls, volume) values (847, '2019-07-02 01:40:00.000', 'AAPL', 104.7072, 106.3241, 104.7072, 104.7576, 36044);
insert into price_point (ID, instant, stock, opn, high, low, cls, volume) values (846, '2019-07-02 01:44:42.140', 'BOM', 52.8980, 52.8980, 50.7014, 50.7014, 39523);
insert into price_point (ID, instant, stock, opn, high, low, cls, volume) values (848, '2019-07-02 01:44:51.840', 'HON', 141.4697, 141.4697, 135.4358, 136.5911, 76264);
insert into price_point (ID, instant, stock, opn, high, low, cls, volume) values (849, '2019-07-02 01:44:57.420', 'MRK', 63.8621, 64.7974, 63.8621, 64.7974, 66403);
insert into price_point (ID, instant, stock, opn, high, low, cls, volume) values (850, '2019-07-02 01:44:58.540', 'AA', 45.2272, 45.2272, 44.6195, 44.6195, 42593);
insert into price_point (ID, instant, stock, opn, high, low, cls, volume) values (852, '2019-07-02 01:45:00.000', 'AAPL', 100.7736, 101.1445, 97.9154, 100.8944, 70944);
insert into price_point (ID, instant, stock, opn, high, low, cls, volume) values (851, '2019-07-02 01:49:42.140', 'BOM', 50.9283, 56.6335, 50.4993, 55.5086, 13483);
insert into price_point (ID, instant, stock, opn, high, low, cls, volume) values (853, '2019-07-02 01:49:51.840', 'HON', 135.6740, 139.0300, 135.6740, 139.0300, 39606);
insert into price_point (ID, instant, stock, opn, high, low, cls, volume) values (854, '2019-07-02 01:49:57.420', 'MRK', 64.8917, 65.6282, 64.8917, 65.6282, 51091);
insert into price_point (ID, instant, stock, opn, high, low, cls, volume) values (855, '2019-07-02 01:49:58.540', 'AA', 44.5583, 44.5583, 44.0811, 44.0811, 54976);
insert into price_point (ID, instant, stock, opn, high, low, cls, volume) values (856, '2019-07-02 01:54:42.140', 'BOM', 55.8282, 56.8674, 55.5140, 56.1772, 54925);
insert into price_point (ID, instant, stock, opn, high, low, cls, volume) values (858, '2019-07-02 01:54:51.840', 'HON', 139.3905, 139.3905, 137.0685, 137.3379, 38844);
insert into price_point (ID, instant, stock, opn, high, low, cls, volume) values (859, '2019-07-02 01:54:57.420', 'MRK', 65.6960, 66.1616, 65.6960, 66.1616, 52572);
insert into price_point (ID, instant, stock, opn, high, low, cls, volume) values (857, '2019-07-02 01:55:00.000', 'AAPL', 106.1452, 106.7835, 101.7111, 101.7111, 37704);
insert into price_point (ID, instant, stock, opn, high, low, cls, volume) values (861, '2019-07-02 01:59:42.140', 'BOM', 55.6938, 55.7163, 54.3668, 54.3668, 36679);
insert into price_point (ID, instant, stock, opn, high, low, cls, volume) values (862, '2019-07-02 01:59:51.840', 'HON', 139.5131, 139.5131, 136.1505, 138.2260, 86862);
insert into price_point (ID, instant, stock, opn, high, low, cls, volume) values (863, '2019-07-02 01:59:57.420', 'MRK', 66.1963, 66.3454, 66.1963, 66.3454, 27774);
insert into price_point (ID, instant, stock, opn, high, low, cls, volume) values (860, '2019-07-02 01:59:58.540', 'AA', 43.7136, 43.7136, 43.6172, 43.6172, 28196);
insert into price_point (ID, instant, stock, opn, high, low, cls, volume) values (865, '2019-07-02 02:00:00.000', 'AAPL', 103.1264, 105.3720, 101.4084, 102.1005, 22715);
insert into price_point (ID, instant, stock, opn, high, low, cls, volume) values (864, '2019-07-02 02:04:42.140', 'BOM', 54.4198, 54.8310, 53.8176, 53.9067, 48582);
insert into price_point (ID, instant, stock, opn, high, low, cls, volume) values (866, '2019-07-02 02:04:51.840', 'HON', 138.4818, 138.4818, 133.5323, 133.8427, 17960);
insert into price_point (ID, instant, stock, opn, high, low, cls, volume) values (867, '2019-07-02 02:04:57.420', 'MRK', 66.3435, 66.3435, 66.1616, 66.1616, 82432);
insert into price_point (ID, instant, stock, opn, high, low, cls, volume) values (868, '2019-07-02 02:04:58.540', 'AA', 43.6184, 43.7360, 43.6184, 43.7360, 53701);
insert into price_point (ID, instant, stock, opn, high, low, cls, volume) values (870, '2019-07-02 02:05:00.000', 'AAPL', 102.1840, 105.3741, 102.1840, 102.8407, 62255);
insert into price_point (ID, instant, stock, opn, high, low, cls, volume) values (869, '2019-07-02 02:09:42.140', 'BOM', 53.4438, 53.5330, 51.9692, 51.9843, 95809);
insert into price_point (ID, instant, stock, opn, high, low, cls, volume) values (871, '2019-07-02 02:09:51.840', 'HON', 134.7932, 138.6271, 134.7932, 138.6271, 3373);
insert into price_point (ID, instant, stock, opn, high, low, cls, volume) values (872, '2019-07-02 02:09:57.420', 'MRK', 66.1234, 66.1234, 65.6282, 65.6282, 95832);
insert into price_point (ID, instant, stock, opn, high, low, cls, volume) values (873, '2019-07-02 02:09:58.540', 'AA', 43.7607, 44.0811, 43.7607, 44.0811, 15513);
insert into price_point (ID, instant, stock, opn, high, low, cls, volume) values (874, '2019-07-02 02:14:42.140', 'BOM', 52.2135, 52.9480, 52.2135, 52.3481, 10479);
insert into price_point (ID, instant, stock, opn, high, low, cls, volume) values (876, '2019-07-02 02:14:51.840', 'HON', 137.1342, 138.9731, 135.4338, 138.9731, 75703);
insert into price_point (ID, instant, stock, opn, high, low, cls, volume) values (877, '2019-07-02 02:14:57.420', 'MRK', 65.5573, 65.5573, 64.7974, 64.7974, 4898);
insert into price_point (ID, instant, stock, opn, high, low, cls, volume) values (878, '2019-07-02 02:14:58.540', 'AA', 44.1270, 44.6195, 44.1270, 44.6195, 14828);
insert into price_point (ID, instant, stock, opn, high, low, cls, volume) values (875, '2019-07-02 02:15:00.000', 'AAPL', 97.9778, 102.0306, 97.9778, 102.0306, 31018);
insert into price_point (ID, instant, stock, opn, high, low, cls, volume) values (879, '2019-07-02 02:19:42.140', 'BOM', 52.3206, 52.5447, 51.4760, 51.4760, 37398);
insert into price_point (ID, instant, stock, opn, high, low, cls, volume) values (880, '2019-07-02 02:19:51.840', 'HON', 139.8703, 142.1653, 137.5201, 141.6460, 77458);
insert into price_point (ID, instant, stock, opn, high, low, cls, volume) values (881, '2019-07-02 02:19:57.420', 'MRK', 64.7008, 64.7008, 63.7505, 63.7505, 39079);
insert into price_point (ID, instant, stock, opn, high, low, cls, volume) values (882, '2019-07-02 02:19:58.540', 'AA', 44.6822, 45.2999, 44.6822, 45.2999, 76451);
insert into price_point (ID, instant, stock, opn, high, low, cls, volume) values (884, '2019-07-02 02:20:00.000', 'AAPL', 102.1368, 103.4096, 100.3938, 101.3927, 63747);
insert into price_point (ID, instant, stock, opn, high, low, cls, volume) values (883, '2019-07-02 02:24:42.140', 'BOM', 51.9900, 58.7658, 51.9900, 58.3000, 24241);
insert into price_point (ID, instant, stock, opn, high, low, cls, volume) values (885, '2019-07-02 02:24:51.840', 'HON', 140.8168, 141.0934, 138.4504, 140.5704, 99671);
insert into price_point (ID, instant, stock, opn, high, low, cls, volume) values (886, '2019-07-02 02:24:57.420', 'MRK', 63.6377, 63.6377, 62.5900, 62.5900, 92739);
insert into price_point (ID, instant, stock, opn, high, low, cls, volume) values (887, '2019-07-02 02:24:58.540', 'AA', 45.3733, 46.0573, 45.3733, 46.0573, 56092);
insert into price_point (ID, instant, stock, opn, high, low, cls, volume) values (889, '2019-07-02 02:25:00.000', 'AAPL', 101.7747, 103.4988, 101.0814, 103.4988, 35135);
insert into price_point (ID, instant, stock, opn, high, low, cls, volume) values (888, '2019-07-02 02:29:42.140', 'BOM', 58.8545, 59.3612, 58.5356, 59.1175, 4295);
insert into price_point (ID, instant, stock, opn, high, low, cls, volume) values (890, '2019-07-02 02:29:51.840', 'HON', 140.7577, 142.9763, 138.9117, 140.8276, 93118);
insert into price_point (ID, instant, stock, opn, high, low, cls, volume) values (891, '2019-07-02 02:29:57.420', 'MRK', 62.4720, 62.4720, 61.4295, 61.4295, 86660);
insert into price_point (ID, instant, stock, opn, high, low, cls, volume) values (892, '2019-07-02 02:29:58.540', 'AA', 46.1346, 46.8201, 46.1346, 46.8201, 17671);
insert into price_point (ID, instant, stock, opn, high, low, cls, volume) values (894, '2019-07-02 02:30:00.000', 'AAPL', 103.2699, 104.3531, 103.0155, 103.0155, 11959);
insert into price_point (ID, instant, stock, opn, high, low, cls, volume) values (893, '2019-07-02 02:34:42.140', 'BOM', 59.3508, 61.2271, 59.1101, 60.8529, 9412);
insert into price_point (ID, instant, stock, opn, high, low, cls, volume) values (895, '2019-07-02 02:34:51.840', 'HON', 140.6768, 148.2033, 139.2082, 146.1403, 27308);
insert into price_point (ID, instant, stock, opn, high, low, cls, volume) values (896, '2019-07-02 02:34:57.420', 'MRK', 61.3179, 61.3179, 60.3826, 60.3826, 81213);
insert into price_point (ID, instant, stock, opn, high, low, cls, volume) values (897, '2019-07-02 02:34:58.540', 'AA', 46.8939, 47.5164, 46.8939, 47.5164, 57789);
insert into price_point (ID, instant, stock, opn, high, low, cls, volume) values (899, '2019-07-02 02:35:00.000', 'AAPL', 104.3213, 110.0840, 102.8826, 109.4024, 57996);
insert into price_point (ID, instant, stock, opn, high, low, cls, volume) values (898, '2019-07-02 02:39:42.140', 'BOM', 61.1618, 61.9845, 61.1618, 61.6220, 9493);
insert into price_point (ID, instant, stock, opn, high, low, cls, volume) values (900, '2019-07-02 02:39:51.840', 'HON', 144.9280, 146.0643, 143.2397, 143.3957, 64088);
insert into price_point (ID, instant, stock, opn, high, low, cls, volume) values (901, '2019-07-02 02:39:57.420', 'MRK', 60.2883, 60.2883, 59.5518, 59.5518, 44950);
insert into price_point (ID, instant, stock, opn, high, low, cls, volume) values (902, '2019-07-02 02:39:58.540', 'AA', 47.5798, 48.0814, 47.5798, 48.0814, 4950);
insert into price_point (ID, instant, stock, opn, high, low, cls, volume) values (904, '2019-07-02 02:40:00.000', 'AAPL', 110.2829, 113.2800, 109.6881, 112.6757, 11881);
insert into price_point (ID, instant, stock, opn, high, low, cls, volume) values (903, '2019-07-02 02:44:42.140', 'BOM', 62.2210, 62.3898, 61.2182, 61.7817, 57897);
insert into price_point (ID, instant, stock, opn, high, low, cls, volume) values (905, '2019-07-02 02:44:51.840', 'HON', 143.7923, 145.2235, 142.7417, 142.7417, 86776);
insert into price_point (ID, instant, stock, opn, high, low, cls, volume) values (906, '2019-07-02 02:44:57.420', 'MRK', 59.4840, 59.4840, 59.0184, 59.0184, 41468);
insert into price_point (ID, instant, stock, opn, high, low, cls, volume) values (907, '2019-07-02 02:44:58.540', 'AA', 48.1286, 48.4636, 48.1286, 48.4636, 45862);
insert into price_point (ID, instant, stock, opn, high, low, cls, volume) values (909, '2019-07-02 02:45:00.000', 'AAPL', 113.9106, 114.3030, 111.5780, 113.1810, 12087);
insert into price_point (ID, instant, stock, opn, high, low, cls, volume) values (908, '2019-07-02 02:49:42.140', 'BOM', 61.5040, 61.5040, 59.3595, 59.3595, 37088);
insert into price_point (ID, instant, stock, opn, high, low, cls, volume) values (910, '2019-07-02 02:49:51.840', 'HON', 152.4812, 152.4812, 150.2424, 151.0200, 37616);
insert into price_point (ID, instant, stock, opn, high, low, cls, volume) values (911, '2019-07-02 02:49:57.420', 'MRK', 58.9837, 58.9837, 58.8346, 58.8346, 31725);
insert into price_point (ID, instant, stock, opn, high, low, cls, volume) values (912, '2019-07-02 02:49:58.540', 'AA', 48.4903, 48.6298, 48.4903, 48.6298, 83815);
insert into price_point (ID, instant, stock, opn, high, low, cls, volume) values (914, '2019-07-02 02:50:00.000', 'AAPL', 111.0802, 113.5210, 111.0802, 112.3354, 83453);
insert into price_point (ID, instant, stock, opn, high, low, cls, volume) values (913, '2019-07-02 02:54:42.140', 'BOM', 59.0870, 60.1789, 58.3921, 58.6599, 82887);
insert into price_point (ID, instant, stock, opn, high, low, cls, volume) values (915, '2019-07-02 02:54:51.840', 'HON', 152.4476, 152.4476, 149.7879, 150.2681, 71273);
insert into price_point (ID, instant, stock, opn, high, low, cls, volume) values (916, '2019-07-02 02:54:57.420', 'MRK', 58.8365, 59.0184, 58.8365, 59.0184, 28279);
insert into price_point (ID, instant, stock, opn, high, low, cls, volume) values (917, '2019-07-02 02:54:58.540', 'AA', 48.6339, 48.6358, 48.5686, 48.5686, 23099);
insert into price_point (ID, instant, stock, opn, high, low, cls, volume) values (919, '2019-07-02 02:55:00.000', 'AAPL', 111.3327, 113.0358, 106.9007, 112.5332, 57864);
insert into price_point (ID, instant, stock, opn, high, low, cls, volume) values (918, '2019-07-02 02:59:42.140', 'BOM', 58.7136, 58.7136, 56.3895, 56.3895, 72768);
insert into price_point (ID, instant, stock, opn, high, low, cls, volume) values (920, '2019-07-02 02:59:51.840', 'HON', 149.8404, 150.1491, 145.3818, 145.3818, 68651);
insert into price_point (ID, instant, stock, opn, high, low, cls, volume) values (921, '2019-07-02 02:59:57.420', 'MRK', 59.0566, 59.5518, 59.0566, 59.5518, 96028);
insert into price_point (ID, instant, stock, opn, high, low, cls, volume) values (922, '2019-07-02 02:59:58.540', 'AA', 48.5502, 48.5502, 48.2910, 48.2910, 19295);
insert into price_point (ID, instant, stock, opn, high, low, cls, volume) values (924, '2019-07-02 03:00:00.000', 'AAPL', 114.2853, 116.1619, 107.4221, 107.5957, 53590);
insert into price_point (ID, instant, stock, opn, high, low, cls, volume) values (923, '2019-07-02 03:04:42.140', 'BOM', 56.0006, 56.9334, 55.6103, 56.9334, 20524);
insert into price_point (ID, instant, stock, opn, high, low, cls, volume) values (925, '2019-07-02 03:04:51.840', 'HON', 144.7104, 144.7104, 142.5669, 143.3341, 79807);
insert into price_point (ID, instant, stock, opn, high, low, cls, volume) values (926, '2019-07-02 03:04:57.420', 'MRK', 59.6227, 60.3826, 59.6227, 60.3826, 37843);
insert into price_point (ID, instant, stock, opn, high, low, cls, volume) values (927, '2019-07-02 03:04:58.540', 'AA', 48.2524, 48.2524, 47.8297, 47.8297, 47134);
insert into price_point (ID, instant, stock, opn, high, low, cls, volume) values (929, '2019-07-02 03:05:00.000', 'AAPL', 107.2922, 108.4847, 105.2179, 105.9455, 5435);
insert into price_point (ID, instant, stock, opn, high, low, cls, volume) values (928, '2019-07-02 03:09:42.140', 'BOM', 56.8843, 57.5819, 56.5109, 56.7914, 94458);
insert into price_point (ID, instant, stock, opn, high, low, cls, volume) values (930, '2019-07-02 03:09:51.840', 'HON', 143.1777, 143.2864, 140.1932, 140.9069, 86986);
insert into price_point (ID, instant, stock, opn, high, low, cls, volume) values (931, '2019-07-02 03:09:57.420', 'MRK', 60.4792, 61.4295, 60.4792, 61.4295, 12644);
insert into price_point (ID, instant, stock, opn, high, low, cls, volume) values (932, '2019-07-02 03:09:58.540', 'AA', 47.7753, 47.7753, 47.2359, 47.2359, 12111);
insert into price_point (ID, instant, stock, opn, high, low, cls, volume) values (934, '2019-07-02 03:10:00.000', 'AAPL', 107.0909, 107.6620, 103.4895, 107.6620, 64864);
insert into price_point (ID, instant, stock, opn, high, low, cls, volume) values (933, '2019-07-02 03:14:42.140', 'BOM', 57.0714, 57.0714, 55.2320, 55.2320, 96116);
insert into price_point (ID, instant, stock, opn, high, low, cls, volume) values (935, '2019-07-02 03:14:51.840', 'HON', 140.9501, 153.8936, 140.5450, 151.7875, 87704);
insert into price_point (ID, instant, stock, opn, high, low, cls, volume) values (936, '2019-07-02 03:14:57.420', 'MRK', 61.5423, 62.5900, 61.5423, 62.5900, 15505);
insert into price_point (ID, instant, stock, opn, high, low, cls, volume) values (937, '2019-07-02 03:14:58.540', 'AA', 47.1716, 47.1716, 46.5740, 46.5740, 8009);
insert into price_point (ID, instant, stock, opn, high, low, cls, volume) values (938, '2019-07-02 03:19:42.140', 'BOM', 55.5239, 55.9475, 54.9829, 54.9829, 79238);
insert into price_point (ID, instant, stock, opn, high, low, cls, volume) values (940, '2019-07-02 03:19:51.840', 'HON', 150.9235, 153.4028, 149.5417, 150.9505, 33072);
insert into price_point (ID, instant, stock, opn, high, low, cls, volume) values (941, '2019-07-02 03:19:57.420', 'MRK', 62.7080, 63.7505, 62.7080, 63.7505, 69609);
insert into price_point (ID, instant, stock, opn, high, low, cls, volume) values (942, '2019-07-02 03:19:58.540', 'AA', 46.5068, 46.5068, 45.9154, 45.9154, 9644);
insert into price_point (ID, instant, stock, opn, high, low, cls, volume) values (939, '2019-07-02 03:20:00.000', 'AAPL', 105.3244, 107.6818, 105.1365, 107.1967, 46499);
insert into price_point (ID, instant, stock, opn, high, low, cls, volume) values (943, '2019-07-02 03:24:42.140', 'BOM', 54.6286, 54.6286, 52.2557, 52.2557, 26376);
insert into price_point (ID, instant, stock, opn, high, low, cls, volume) values (944, '2019-07-02 03:24:51.840', 'HON', 150.6615, 150.6615, 148.8726, 150.3872, 91410);
insert into price_point (ID, instant, stock, opn, high, low, cls, volume) values (945, '2019-07-02 03:24:57.420', 'MRK', 63.8621, 64.7974, 63.8621, 64.7974, 5781);
insert into price_point (ID, instant, stock, opn, high, low, cls, volume) values (946, '2019-07-02 03:24:58.540', 'AA', 45.8525, 45.8525, 45.3315, 45.3315, 11738);
insert into price_point (ID, instant, stock, opn, high, low, cls, volume) values (948, '2019-07-02 03:25:00.000', 'AAPL', 106.9403, 111.0726, 105.4040, 111.0726, 19528);
insert into price_point (ID, instant, stock, opn, high, low, cls, volume) values (947, '2019-07-02 03:29:42.140', 'BOM', 52.7512, 53.2563, 52.2977, 52.4284, 90506);
insert into price_point (ID, instant, stock, opn, high, low, cls, volume) values (949, '2019-07-02 03:29:51.840', 'HON', 148.6361, 148.6361, 145.3335, 147.2225, 35985);
insert into price_point (ID, instant, stock, opn, high, low, cls, volume) values (950, '2019-07-02 03:29:57.420', 'MRK', 64.8917, 65.6282, 64.8917, 65.6282, 22707);
insert into price_point (ID, instant, stock, opn, high, low, cls, volume) values (951, '2019-07-02 03:29:58.540', 'AA', 45.2798, 45.2798, 44.8866, 44.8866, 12790);
insert into price_point (ID, instant, stock, opn, high, low, cls, volume) values (953, '2019-07-02 03:30:00.000', 'AAPL', 112.3737, 112.3737, 97.9043, 99.2637, 28025);
insert into price_point (ID, instant, stock, opn, high, low, cls, volume) values (952, '2019-07-02 03:34:42.140', 'BOM', 52.3006, 52.6534, 51.4722, 52.6534, 64343);
insert into price_point (ID, instant, stock, opn, high, low, cls, volume) values (954, '2019-07-02 03:34:51.840', 'HON', 146.1124, 146.9125, 143.8848, 145.2296, 22513);
insert into price_point (ID, instant, stock, opn, high, low, cls, volume) values (955, '2019-07-02 03:34:57.420', 'MRK', 65.6960, 66.1616, 65.6960, 66.1616, 25613);
insert into price_point (ID, instant, stock, opn, high, low, cls, volume) values (958, '2019-07-02 03:35:00.000', 'AAPL', 100.9594, 100.9594, 98.7584, 98.7584, 40344);
insert into price_point (ID, instant, stock, opn, high, low, cls, volume) values (957, '2019-07-02 03:39:42.140', 'BOM', 53.0702, 54.4337, 52.9787, 54.4337, 69312);
insert into price_point (ID, instant, stock, opn, high, low, cls, volume) values (959, '2019-07-02 03:39:51.840', 'HON', 145.6766, 148.0666, 144.6204, 148.0666, 21287);
insert into price_point (ID, instant, stock, opn, high, low, cls, volume) values (960, '2019-07-02 03:39:57.420', 'MRK', 66.1963, 66.3454, 66.1963, 66.3454, 19564);
insert into price_point (ID, instant, stock, opn, high, low, cls, volume) values (956, '2019-07-02 03:39:58.540', 'AA', 44.6184, 44.6184, 44.5848, 44.6000, 47913);
insert into price_point (ID, instant, stock, opn, high, low, cls, volume) values (962, '2019-07-02 03:40:00.000', 'AAPL', 99.1255, 102.2504, 98.9714, 100.4871, 62147);
insert into price_point (ID, instant, stock, opn, high, low, cls, volume) values (961, '2019-07-02 03:44:42.140', 'BOM', 54.1675, 54.7645, 53.4896, 53.4896, 46529);
insert into price_point (ID, instant, stock, opn, high, low, cls, volume) values (963, '2019-07-02 03:44:51.840', 'HON', 149.6234, 151.8233, 148.2086, 149.9946, 81976);
insert into price_point (ID, instant, stock, opn, high, low, cls, volume) values (964, '2019-07-02 03:44:57.420', 'MRK', 66.3435, 66.3435, 66.1616, 66.1616, 59974);
insert into price_point (ID, instant, stock, opn, high, low, cls, volume) values (965, '2019-07-02 03:44:58.540', 'AA', 44.6097, 44.8018, 44.6097, 44.8018, 31989);
insert into price_point (ID, instant, stock, opn, high, low, cls, volume) values (967, '2019-07-02 03:45:00.000', 'AAPL', 100.1109, 101.2117, 97.2198, 97.2198, 67541);
insert into price_point (ID, instant, stock, opn, high, low, cls, volume) values (966, '2019-07-02 03:49:42.140', 'BOM', 53.3466, 54.3619, 53.3466, 53.8926, 42318);
insert into price_point (ID, instant, stock, opn, high, low, cls, volume) values (968, '2019-07-02 03:49:51.840', 'HON', 150.9790, 150.9790, 146.8852, 148.2476, 82699);
insert into price_point (ID, instant, stock, opn, high, low, cls, volume) values (969, '2019-07-02 03:49:57.420', 'MRK', 66.1234, 66.1234, 65.6282, 65.6282, 68258);
insert into price_point (ID, instant, stock, opn, high, low, cls, volume) values (970, '2019-07-02 03:49:58.540', 'AA', 44.8346, 45.2257, 44.8346, 45.2257, 98077);
insert into price_point (ID, instant, stock, opn, high, low, cls, volume) values (972, '2019-07-02 03:50:00.000', 'AAPL', 96.0880, 96.6782, 94.6989, 95.6328, 42659);
insert into price_point (ID, instant, stock, opn, high, low, cls, volume) values (971, '2019-07-02 03:54:42.140', 'BOM', 53.8353, 54.6068, 53.6491, 54.6068, 35933);
insert into price_point (ID, instant, stock, opn, high, low, cls, volume) values (973, '2019-07-02 03:54:51.840', 'HON', 147.9912, 152.8332, 141.6150, 142.2517, 55673);
insert into price_point (ID, instant, stock, opn, high, low, cls, volume) values (974, '2019-07-02 03:54:57.420', 'MRK', 65.5573, 65.5573, 64.7974, 64.7974, 4210);
insert into price_point (ID, instant, stock, opn, high, low, cls, volume) values (975, '2019-07-02 03:54:58.540', 'AA', 45.2792, 45.8384, 45.2792, 45.8384, 3185);
insert into price_point (ID, instant, stock, opn, high, low, cls, volume) values (977, '2019-07-02 03:55:00.000', 'AAPL', 100.1775, 102.4338, 100.1775, 102.4338, 95110);
insert into price_point (ID, instant, stock, opn, high, low, cls, volume) values (976, '2019-07-02 03:59:42.140', 'BOM', 54.8408, 57.2998, 54.8408, 57.1431, 77911);
insert into price_point (ID, instant, stock, opn, high, low, cls, volume) values (978, '2019-07-02 03:59:51.840', 'HON', 141.3213, 143.2222, 139.6206, 140.1394, 3882);
insert into price_point (ID, instant, stock, opn, high, low, cls, volume) values (979, '2019-07-02 03:59:57.420', 'MRK', 64.7008, 64.7008, 63.7505, 63.7505, 38266);
insert into price_point (ID, instant, stock, opn, high, low, cls, volume) values (980, '2019-07-02 03:59:58.540', 'AA', 45.9082, 46.5882, 45.9082, 46.5882, 97557);
insert into price_point (ID, instant, stock, opn, high, low, cls, volume) values (982, '2019-07-02 04:00:00.000', 'AAPL', 101.2008, 102.8440, 101.0832, 102.8440, 14029);

update trade set stock='doomed' where id in
  (select opening_trade_id from position where opening_trade_id = closing_trade_id);
delete from position where opening_trade_id = closing_trade_id;
delete from trade where stock='doomed';
